timestamp,lantai,titik_id,x_px,y_px,slot_waktu,device,scan_ke,ssid,bssid,freq_mhz,channel,band,width_mhz,rssi_dbm,noise_dbm,sta_count,ch_util_pct,security,pmf,catatan
2026-10-05T10:09:12,4,L4-000,,,T1,laptopA,1,eduroam,c0:c7:0a:98:3a:50,5180,36,5.0,20,-64.0,,10,57.9,WPA2/3-Enterprise,capable,"kalibrasi"
2026-10-05T10:09:12,4,L4-000,,,T1,laptopA,1,FILKOM EVENT,c0:c7:0a:98:3a:51,5180,36,5.0,20,-66.0,,1,57.9,WPA2-Personal,capable,"kalibrasi"
2026-10-05T10:09:12,4,L4-000,,,T1,laptopA,1,WiFi-UB.x,c0:c7:0a:98:3a:52,5180,36,5.0,20,-63.0,,43,57.9,WPA2/3-Enterprise,capable,"kalibrasi"
2026-10-05T10:09:12,4,L4-000,,,T1,laptopA,1,eduroam,c0:c7:0a:98:34:10,5220,44,5.0,20,-58.0,,10,41.7,WPA2/3-Enterprise,capable,"kalibrasi"
2026-10-05T10:09:12,4,L4-000,,,T1,laptopA,1,WiFi-UB.x,c0:c7:0a:98:34:11,5220,44,5.0,20,-59.0,,44,41.7,WPA2/3-Enterprise,capable,"kalibrasi"
2026-10-05T10:09:12,4,L4-000,,,T1,laptopA,1,FILKOM EVENT,c0:c7:0a:98:34:12,5220,44,5.0,20,-60.0,,2,41.7,WPA2-Personal,capable,"kalibrasi"
2026-10-05T10:09:12,4,L4-000,,,T1,laptopA,1,eduroam,c0:c7:0a:98:38:b0,5805,161,5.0,20,-71.0,,11,54.8,WPA2/3-Enterprise,capable,"kalibrasi"
2026-10-05T10:09:12,4,L4-000,,,T1,laptopA,1,WiFi-UB.x,c0:c7:0a:98:38:b1,5805,161,5.0,20,-68.0,,47,54.8,WPA2/3-Enterprise,capable,"kalibrasi"
2026-10-05T10:09:12,4,L4-000,,,T1,laptopA,1,FILKOM EVENT,c0:c7:0a:98:38:b2,5805,161,5.0,20,-74.0,,4,54.8,WPA2-Personal,capable,"kalibrasi"
2026-10-05T10:09:12,4,L4-000,,,T1,laptopA,1,eduroam,c0:c7:0a:98:34:d0,5765,153,5.0,20,-79.0,,7,64.1,WPA2/3-Enterprise,capable,"kalibrasi"
2026-10-05T10:09:12,4,L4-000,,,T1,laptopA,1,FILKOM EVENT,c0:c7:0a:98:34:d2,5765,153,5.0,20,-81.0,,0,64.1,WPA2-Personal,capable,"kalibrasi"
2026-10-05T10:09:12,4,L4-000,,,T1,laptopA,1,eduroam,c0:c7:0a:98:3a:c0,5200,40,5.0,20,-79.0,,16,57.9,WPA2/3-Enterprise,capable,"kalibrasi"
2026-10-05T10:09:12,4,L4-000,,,T1,laptopA,1,FILKOM EVENT,c0:c7:0a:98:3a:c2,5200,40,5.0,20,-84.0,,1,57.9,WPA2-Personal,capable,"kalibrasi"
2026-10-05T10:09:12,4,L4-000,,,T1,laptopA,1,eduroam,28:b3:71:ab:d3:90,5240,48,5.0,20,-89.0,,14,63.4,WPA2/3-Enterprise,capable,"kalibrasi"
2026-10-05T10:09:12,4,L4-000,,,T1,laptopA,1,WiFi-UB.x,28:b3:71:ab:d3:91,5240,48,5.0,20,-86.0,,20,63.4,WPA2/3-Enterprise,capable,"kalibrasi"
2026-10-05T10:09:12,4,L4-000,,,T1,laptopA,1,FILKOM EVENT,28:b3:71:ab:d3:92,5240,48,5.0,20,-86.0,,2,63.4,WPA2-Personal,capable,"kalibrasi"
2026-10-05T10:09:12,4,L4-000,,,T1,laptopA,1,eduroam,c0:c7:0a:58:34:10,2412,1,2.4,20,-78.0,,3,77.7,WPA2/3-Enterprise,capable,"kalibrasi"
2026-10-05T10:09:12,4,L4-000,,,T1,laptopA,1,WiFi-UB.x,c0:c7:0a:58:34:11,2412,1,2.4,20,-76.0,,16,77.7,WPA2/3-Enterprise,capable,"kalibrasi"
2026-10-05T10:09:12,4,L4-000,,,T1,laptopA,1,FILKOM EVENT,c0:c7:0a:58:34:12,2412,1,2.4,20,-78.0,,1,77.7,WPA2-Personal,capable,"kalibrasi"
2026-10-05T10:09:21,4,L4-000,,,T1,laptopA,2,eduroam,c0:c7:0a:98:3a:50,5180,36,5.0,20,-63.0,,11,62.1,WPA2/3-Enterprise,capable,"kalibrasi"
2026-10-05T10:09:21,4,L4-000,,,T1,laptopA,2,FILKOM EVENT,c0:c7:0a:98:3a:51,5180,36,5.0,20,-64.0,,1,62.1,WPA2-Personal,capable,"kalibrasi"
2026-10-05T10:09:21,4,L4-000,,,T1,laptopA,2,WiFi-UB.x,c0:c7:0a:98:3a:52,5180,36,5.0,20,-62.0,,38,62.1,WPA2/3-Enterprise,capable,"kalibrasi"
2026-10-05T10:09:21,4,L4-000,,,T1,laptopA,2,eduroam,c0:c7:0a:98:34:10,5220,44,5.0,20,-60.0,,12,52.6,WPA2/3-Enterprise,capable,"kalibrasi"
2026-10-05T10:09:21,4,L4-000,,,T1,laptopA,2,WiFi-UB.x,c0:c7:0a:98:34:11,5220,44,5.0,20,-60.0,,49,52.6,WPA2/3-Enterprise,capable,"kalibrasi"
2026-10-05T10:09:21,4,L4-000,,,T1,laptopA,2,FILKOM EVENT,c0:c7:0a:98:34:12,5220,44,5.0,20,-62.0,,1,52.6,WPA2-Personal,capable,"kalibrasi"
2026-10-05T10:09:21,4,L4-000,,,T1,laptopA,2,eduroam,c0:c7:0a:98:38:b0,5805,161,5.0,20,-71.0,,10,54.9,WPA2/3-Enterprise,capable,"kalibrasi"
2026-10-05T10:09:21,4,L4-000,,,T1,laptopA,2,WiFi-UB.x,c0:c7:0a:98:38:b1,5805,161,5.0,20,-69.0,,42,54.9,WPA2/3-Enterprise,capable,"kalibrasi"
2026-10-05T10:09:21,4,L4-000,,,T1,laptopA,2,FILKOM EVENT,c0:c7:0a:98:38:b2,5805,161,5.0,20,-72.0,,3,54.9,WPA2-Personal,capable,"kalibrasi"
2026-10-05T10:09:21,4,L4-000,,,T1,laptopA,2,eduroam,c0:c7:0a:98:34:d0,5765,153,5.0,20,-75.0,,7,49.2,WPA2/3-Enterprise,capable,"kalibrasi"
2026-10-05T10:09:21,4,L4-000,,,T1,laptopA,2,FILKOM EVENT,c0:c7:0a:98:34:d2,5765,153,5.0,20,-78.0,,1,49.2,WPA2-Personal,capable,"kalibrasi"
2026-10-05T10:09:21,4,L4-000,,,T1,laptopA,2,eduroam,c0:c7:0a:98:3a:c0,5200,40,5.0,20,-82.0,,13,60.9,WPA2/3-Enterprise,capable,"kalibrasi"
2026-10-05T10:09:21,4,L4-000,,,T1,laptopA,2,FILKOM EVENT,c0:c7:0a:98:3a:c2,5200,40,5.0,20,-85.0,,3,60.9,WPA2-Personal,capable,"kalibrasi"
2026-10-05T10:09:21,4,L4-000,,,T1,laptopA,2,WiFi-UB.x,28:b3:71:ab:d3:91,5240,48,5.0,20,-90.0,,23,62.1,WPA2/3-Enterprise,capable,"kalibrasi"
2026-10-05T10:09:21,4,L4-000,,,T1,laptopA,2,FILKOM EVENT,28:b3:71:ab:d3:92,5240,48,5.0,20,-90.0,,4,62.1,WPA2-Personal,capable,"kalibrasi"
2026-10-05T10:09:21,4,L4-000,,,T1,laptopA,2,eduroam,c0:c7:0a:58:34:10,2412,1,2.4,20,-73.0,,3,57.2,WPA2/3-Enterprise,capable,"kalibrasi"
2026-10-05T10:09:21,4,L4-000,,,T1,laptopA,2,WiFi-UB.x,c0:c7:0a:58:34:11,2412,1,2.4,20,-72.0,,12,57.2,WPA2/3-Enterprise,capable,"kalibrasi"
2026-10-05T10:09:21,4,L4-000,,,T1,laptopA,2,FILKOM EVENT,c0:c7:0a:58:34:12,2412,1,2.4,20,-74.0,,0,57.2,WPA2-Personal,capable,"kalibrasi"
2026-10-05T10:09:30,4,L4-000,,,T1,laptopA,3,eduroam,c0:c7:0a:98:3a:50,5180,36,5.0,20,-66.0,,11,69.3,WPA2/3-Enterprise,capable,"kalibrasi"
2026-10-05T10:09:30,4,L4-000,,,T1,laptopA,3,FILKOM EVENT,c0:c7:0a:98:3a:51,5180,36,5.0,20,-68.0,,3,69.3,WPA2-Personal,capable,"kalibrasi"
2026-10-05T10:09:30,4,L4-000,,,T1,laptopA,3,WiFi-UB.x,c0:c7:0a:98:3a:52,5180,36,5.0,20,-65.0,,47,69.3,WPA2/3-Enterprise,capable,"kalibrasi"
2026-10-05T10:09:30,4,L4-000,,,T1,laptopA,3,eduroam,c0:c7:0a:98:34:10,5220,44,5.0,20,-60.0,,12,43.6,WPA2/3-Enterprise,capable,"kalibrasi"
2026-10-05T10:09:30,4,L4-000,,,T1,laptopA,3,WiFi-UB.x,c0:c7:0a:98:34:11,5220,44,5.0,20,-60.0,,36,43.6,WPA2/3-Enterprise,capable,"kalibrasi"
2026-10-05T10:09:30,4,L4-000,,,T1,laptopA,3,FILKOM EVENT,c0:c7:0a:98:34:12,5220,44,5.0,20,-61.0,,2,43.6,WPA2-Personal,capable,"kalibrasi"
2026-10-05T10:09:30,4,L4-000,,,T1,laptopA,3,eduroam,c0:c7:0a:98:38:b0,5805,161,5.0,20,-74.0,,7,53.2,WPA2/3-Enterprise,capable,"kalibrasi"
2026-10-05T10:09:30,4,L4-000,,,T1,laptopA,3,WiFi-UB.x,c0:c7:0a:98:38:b1,5805,161,5.0,20,-73.0,,40,53.2,WPA2/3-Enterprise,capable,"kalibrasi"
2026-10-05T10:09:30,4,L4-000,,,T1,laptopA,3,FILKOM EVENT,c0:c7:0a:98:38:b2,5805,161,5.0,20,-76.0,,4,53.2,WPA2-Personal,capable,"kalibrasi"
2026-10-05T10:09:30,4,L4-000,,,T1,laptopA,3,eduroam,c0:c7:0a:98:34:d0,5765,153,5.0,20,-80.0,,5,58.1,WPA2/3-Enterprise,capable,"kalibrasi"
2026-10-05T10:09:30,4,L4-000,,,T1,laptopA,3,FILKOM EVENT,c0:c7:0a:98:34:d2,5765,153,5.0,20,-83.0,,0,58.1,WPA2-Personal,capable,"kalibrasi"
2026-10-05T10:09:30,4,L4-000,,,T1,laptopA,3,eduroam,c0:c7:0a:98:3a:c0,5200,40,5.0,20,-86.0,,15,69.7,WPA2/3-Enterprise,capable,"kalibrasi"
2026-10-05T10:09:30,4,L4-000,,,T1,laptopA,3,FILKOM EVENT,c0:c7:0a:98:3a:c2,5200,40,5.0,20,-88.0,,3,69.7,WPA2-Personal,capable,"kalibrasi"
2026-10-05T10:09:30,4,L4-000,,,T1,laptopA,3,WiFi-UB.x,28:b3:71:ab:d3:91,5240,48,5.0,20,-88.0,,24,67.3,WPA2/3-Enterprise,capable,"kalibrasi"
2026-10-05T10:09:30,4,L4-000,,,T1,laptopA,3,FILKOM EVENT,28:b3:71:ab:d3:92,5240,48,5.0,20,-87.0,,4,67.3,WPA2-Personal,capable,"kalibrasi"
2026-10-05T10:09:30,4,L4-000,,,T1,laptopA,3,eduroam,c0:c7:0a:58:34:10,2412,1,2.4,20,-76.0,,1,77.4,WPA2/3-Enterprise,capable,"kalibrasi"
2026-10-05T10:09:30,4,L4-000,,,T1,laptopA,3,WiFi-UB.x,c0:c7:0a:58:34:11,2412,1,2.4,20,-73.0,,13,77.4,WPA2/3-Enterprise,capable,"kalibrasi"
2026-10-05T10:09:30,4,L4-000,,,T1,laptopA,3,FILKOM EVENT,c0:c7:0a:58:34:12,2412,1,2.4,20,-74.0,,0,77.4,WPA2-Personal,capable,"kalibrasi"
2026-10-05T10:09:39,4,L4-000,,,T1,laptopA,4,eduroam,c0:c7:0a:98:3a:50,5180,36,5.0,20,-61.0,,10,63.2,WPA2/3-Enterprise,capable,"kalibrasi"
2026-10-05T10:09:39,4,L4-000,,,T1,laptopA,4,FILKOM EVENT,c0:c7:0a:98:3a:51,5180,36,5.0,20,-64.0,,4,63.2,WPA2-Personal,capable,"kalibrasi"
2026-10-05T10:09:39,4,L4-000,,,T1,laptopA,4,WiFi-UB.x,c0:c7:0a:98:3a:52,5180,36,5.0,20,-59.0,,40,63.2,WPA2/3-Enterprise,capable,"kalibrasi"
2026-10-05T10:09:39,4,L4-000,,,T1,laptopA,4,eduroam,c0:c7:0a:98:34:10,5220,44,5.0,20,-62.0,,10,33.3,WPA2/3-Enterprise,capable,"kalibrasi"
2026-10-05T10:09:39,4,L4-000,,,T1,laptopA,4,WiFi-UB.x,c0:c7:0a:98:34:11,5220,44,5.0,20,-61.0,,52,33.3,WPA2/3-Enterprise,capable,"kalibrasi"
2026-10-05T10:09:39,4,L4-000,,,T1,laptopA,4,FILKOM EVENT,c0:c7:0a:98:34:12,5220,44,5.0,20,-60.0,,0,33.3,WPA2-Personal,capable,"kalibrasi"
2026-10-05T10:09:39,4,L4-000,,,T1,laptopA,4,eduroam,c0:c7:0a:98:38:b0,5805,161,5.0,20,-72.0,,7,48.9,WPA2/3-Enterprise,capable,"kalibrasi"
2026-10-05T10:09:39,4,L4-000,,,T1,laptopA,4,WiFi-UB.x,c0:c7:0a:98:38:b1,5805,161,5.0,20,-70.0,,43,48.9,WPA2/3-Enterprise,capable,"kalibrasi"
2026-10-05T10:09:39,4,L4-000,,,T1,laptopA,4,FILKOM EVENT,c0:c7:0a:98:38:b2,5805,161,5.0,20,-70.0,,4,48.9,WPA2-Personal,capable,"kalibrasi"
2026-10-05T10:09:39,4,L4-000,,,T1,laptopA,4,eduroam,c0:c7:0a:98:34:d0,5765,153,5.0,20,-78.0,,7,50.2,WPA2/3-Enterprise,capable,"kalibrasi"
2026-10-05T10:09:39,4,L4-000,,,T1,laptopA,4,FILKOM EVENT,c0:c7:0a:98:34:d2,5765,153,5.0,20,-77.0,,1,50.2,WPA2-Personal,capable,"kalibrasi"
2026-10-05T10:09:39,4,L4-000,,,T1,laptopA,4,eduroam,c0:c7:0a:98:3a:c0,5200,40,5.0,20,-83.0,,16,64.8,WPA2/3-Enterprise,capable,"kalibrasi"
2026-10-05T10:09:39,4,L4-000,,,T1,laptopA,4,FILKOM EVENT,c0:c7:0a:98:3a:c2,5200,40,5.0,20,-86.0,,2,64.8,WPA2-Personal,capable,"kalibrasi"
2026-10-05T10:09:39,4,L4-000,,,T1,laptopA,4,WiFi-UB.x,28:b3:71:ab:d3:91,5240,48,5.0,20,-90.0,,20,67.3,WPA2/3-Enterprise,capable,"kalibrasi"
2026-10-05T10:09:39,4,L4-000,,,T1,laptopA,4,eduroam,c0:c7:0a:58:34:10,2412,1,2.4,20,-74.0,,1,81.6,WPA2/3-Enterprise,capable,"kalibrasi"
2026-10-05T10:09:39,4,L4-000,,,T1,laptopA,4,WiFi-UB.x,c0:c7:0a:58:34:11,2412,1,2.4,20,-71.0,,12,81.6,WPA2/3-Enterprise,capable,"kalibrasi"
2026-10-05T10:09:39,4,L4-000,,,T1,laptopA,4,FILKOM EVENT,c0:c7:0a:58:34:12,2412,1,2.4,20,-74.0,,0,81.6,WPA2-Personal,capable,"kalibrasi"
2026-10-05T10:09:48,4,L4-000,,,T1,laptopA,5,eduroam,c0:c7:0a:98:3a:50,5180,36,5.0,20,-62.0,,10,69.1,WPA2/3-Enterprise,capable,"kalibrasi"
2026-10-05T10:09:48,4,L4-000,,,T1,laptopA,5,FILKOM EVENT,c0:c7:0a:98:3a:51,5180,36,5.0,20,-64.0,,1,69.1,WPA2-Personal,capable,"kalibrasi"
2026-10-05T10:09:48,4,L4-000,,,T1,laptopA,5,WiFi-UB.x,c0:c7:0a:98:3a:52,5180,36,5.0,20,-61.0,,34,69.1,WPA2/3-Enterprise,capable,"kalibrasi"
2026-10-05T10:09:48,4,L4-000,,,T1,laptopA,5,eduroam,c0:c7:0a:98:34:10,5220,44,5.0,20,-61.0,,11,41.4,WPA2/3-Enterprise,capable,"kalibrasi"
2026-10-05T10:09:48,4,L4-000,,,T1,laptopA,5,WiFi-UB.x,c0:c7:0a:98:34:11,5220,44,5.0,20,-63.0,,36,41.4,WPA2/3-Enterprise,capable,"kalibrasi"
2026-10-05T10:09:48,4,L4-000,,,T1,laptopA,5,FILKOM EVENT,c0:c7:0a:98:34:12,5220,44,5.0,20,-63.0,,1,41.4,WPA2-Personal,capable,"kalibrasi"
2026-10-05T10:09:48,4,L4-000,,,T1,laptopA,5,eduroam,c0:c7:0a:98:38:b0,5805,161,5.0,20,-71.0,,7,46.3,WPA2/3-Enterprise,capable,"kalibrasi"
2026-10-05T10:09:48,4,L4-000,,,T1,laptopA,5,WiFi-UB.x,c0:c7:0a:98:38:b1,5805,161,5.0,20,-69.0,,43,46.3,WPA2/3-Enterprise,capable,"kalibrasi"
2026-10-05T10:09:48,4,L4-000,,,T1,laptopA,5,FILKOM EVENT,c0:c7:0a:98:38:b2,5805,161,5.0,20,-71.0,,3,46.3,WPA2-Personal,capable,"kalibrasi"
2026-10-05T10:09:48,4,L4-000,,,T1,laptopA,5,eduroam,c0:c7:0a:98:34:d0,5765,153,5.0,20,-80.0,,8,57.4,WPA2/3-Enterprise,capable,"kalibrasi"
2026-10-05T10:09:48,4,L4-000,,,T1,laptopA,5,FILKOM EVENT,c0:c7:0a:98:34:d2,5765,153,5.0,20,-81.0,,0,57.4,WPA2-Personal,capable,"kalibrasi"
2026-10-05T10:09:48,4,L4-000,,,T1,laptopA,5,eduroam,c0:c7:0a:98:3a:c0,5200,40,5.0,20,-80.0,,13,59.9,WPA2/3-Enterprise,capable,"kalibrasi"
2026-10-05T10:09:48,4,L4-000,,,T1,laptopA,5,FILKOM EVENT,c0:c7:0a:98:3a:c2,5200,40,5.0,20,-84.0,,3,59.9,WPA2-Personal,capable,"kalibrasi"
2026-10-05T10:09:48,4,L4-000,,,T1,laptopA,5,eduroam,c0:c7:0a:58:34:10,2412,1,2.4,20,-74.0,,3,77.2,WPA2/3-Enterprise,capable,"kalibrasi"
2026-10-05T10:09:48,4,L4-000,,,T1,laptopA,5,WiFi-UB.x,c0:c7:0a:58:34:11,2412,1,2.4,20,-73.0,,14,77.2,WPA2/3-Enterprise,capable,"kalibrasi"
2026-10-05T10:09:48,4,L4-000,,,T1,laptopA,5,FILKOM EVENT,c0:c7:0a:58:34:12,2412,1,2.4,20,-73.0,,0,77.2,WPA2-Personal,capable,"kalibrasi"
2026-10-05T10:11:39,4,L4-027,,,T1,laptopA,1,WiFi-UB.x,c0:c7:0a:98:3a:52,5180,36,5,20,-62.0,,36,69.4,WPA2/3-Enterprise,capable,"ruangan kosong, scan di dalam ruangan"
2026-10-05T10:11:39,4,L4-027,,,T1,laptopA,1,FILKOM EVENT,c0:c7:0a:98:3a:51,5180,36,5,20,-66.0,,3,69.4,WPA2-Personal,capable,"ruangan kosong, scan di dalam ruangan"
2026-10-05T10:11:39,4,L4-027,,,T1,laptopA,1,eduroam,c0:c7:0a:98:3a:50,5180,36,5,20,-62.0,,5,69.4,WPA2/3-Enterprise,capable,"ruangan kosong, scan di dalam ruangan"
2026-10-05T10:11:39,4,L4-027,,,T1,laptopA,1,WiFi-UB.x,00:e6:3a:51:03:4c,5240,48,5,20,-87.0,,2,13.7,WPA2/3-Enterprise,capable,"ruangan kosong, scan di dalam ruangan"
2026-10-05T10:11:39,4,L4-027,,,T1,laptopA,1,eduroam,00:e6:3a:11:03:4c,5240,48,5,20,-87.0,,1,13.7,WPA2/3-Enterprise,capable,"ruangan kosong, scan di dalam ruangan"
2026-10-05T10:11:39,4,L4-027,,,T1,laptopA,1,iPhone,5e:8f:e6:32:7a:bf,5745,149,5,80,-92.0,,,,WPA2/WPA3-Personal,capable,"ruangan kosong, scan di dalam ruangan"
2026-10-05T10:11:39,4,L4-027,,,T1,laptopA,1,WiFi-UB.x,c0:c7:0a:98:34:d1,5765,153,5,20,-80.0,,20,45.5,WPA2/3-Enterprise,capable,"ruangan kosong, scan di dalam ruangan"
2026-10-05T10:11:39,4,L4-027,,,T1,laptopA,1,eduroam,c0:c7:0a:98:34:d0,5765,153,5,20,-81.0,,1,45.5,WPA2/3-Enterprise,capable,"ruangan kosong, scan di dalam ruangan"
2026-10-05T10:11:39,4,L4-027,,,T1,laptopA,1,FILKOM EVENT,c0:c7:0a:98:34:12,5220,44,5,20,-49.0,,0,38.0,WPA2-Personal,capable,"ruangan kosong, scan di dalam ruangan"
2026-10-05T10:11:39,4,L4-027,,,T1,laptopA,1,eduroam,c0:c7:0a:98:38:b0,5805,161,5,20,-61.0,,1,3.9,WPA2/3-Enterprise,capable,"ruangan kosong, scan di dalam ruangan"
2026-10-05T10:11:39,4,L4-027,,,T1,laptopA,1,DIRECT-NKTOBTOBmsL8,4e:50:dd:3d:4b:8a,5220,44,5,40,-49.0,,,,WPA2-Personal,no,"ruangan kosong, scan di dalam ruangan"
2026-10-05T10:11:39,4,L4-027,,,T1,laptopA,1,FILKOM EVENT,c0:c7:0a:98:34:d2,5765,153,5,20,-82.0,,3,45.5,WPA2-Personal,capable,"ruangan kosong, scan di dalam ruangan"
2026-10-05T10:11:39,4,L4-027,,,T1,laptopA,1,eduroam,c0:c7:0a:98:34:10,5220,44,5,20,-47.0,,4,38.0,WPA2/3-Enterprise,capable,"ruangan kosong, scan di dalam ruangan"
2026-10-05T10:11:39,4,L4-027,,,T1,laptopA,1,Hello World!,da:dc:e6:e3:be:97,2462,11,2.4,20,-84.0,,,,WPA2-Personal,no,"ruangan kosong, scan di dalam ruangan"
2026-10-05T10:11:39,4,L4-027,,,T1,laptopA,1,5i NAUPAL,b6:2d:29:3b:0d:0d,2442,7,2.4,20,-85.0,,,,WPA2-Personal,capable,"ruangan kosong, scan di dalam ruangan"
2026-10-05T10:11:39,4,L4-027,,,T1,laptopA,1,zania,ee:ee:9d:2a:ef:d3,2437,6,2.4,20,-83.0,,,,WPA2/WPA3-Personal,capable,"ruangan kosong, scan di dalam ruangan"
2026-10-05T10:11:39,4,L4-027,,,T1,laptopA,1,FILKOM EVENT,c0:c7:0a:58:34:12,2412,1,2.4,20,-60.0,,0,23.5,WPA2-Personal,capable,"ruangan kosong, scan di dalam ruangan"
2026-10-05T10:11:39,4,L4-027,,,T1,laptopA,1,eduroam,c0:c7:0a:58:34:10,2412,1,2.4,20,-60.0,,0,23.5,WPA2/3-Enterprise,capable,"ruangan kosong, scan di dalam ruangan"
2026-10-05T10:11:39,4,L4-027,,,T1,laptopA,1,WiFi-UB.x,c0:c7:0a:58:34:d2,2462,11,2.4,20,-85.0,,4,55.3,WPA2/3-Enterprise,capable,"ruangan kosong, scan di dalam ruangan"
2026-10-05T10:11:39,4,L4-027,,,T1,laptopA,1,Bluebook,fa:5b:0c:5d:54:c3,2412,1,2.4,20,-81.0,,,,WPA2-Personal,no,"ruangan kosong, scan di dalam ruangan"
2026-10-05T10:11:39,4,L4-027,,,T1,laptopA,1,WiFi-UB.x,c0:c7:0a:98:34:11,5220,44,5,20,-43.0,,15,36.1,WPA2/3-Enterprise,capable,"ruangan kosong, scan di dalam ruangan"
2026-10-05T10:11:39,4,L4-027,,,T1,laptopA,1,"3x - 16 = 20, x = ?",62:20:00:37:ba:e1,2462,11,2.4,20,-74.0,,,,WPA2/WPA3-Personal,capable,"ruangan kosong, scan di dalam ruangan"
2026-10-05T10:11:39,4,L4-027,,,T1,laptopA,1,FILKOM EVENT,c0:c7:0a:98:38:b2,5805,161,5,20,-62.0,,0,3.9,WPA2-Personal,capable,"ruangan kosong, scan di dalam ruangan"
2026-10-05T10:11:39,4,L4-027,,,T1,laptopA,1,WiFi-UB.x,c0:c7:0a:98:38:b1,5805,161,5,20,-61.0,,11,3.9,WPA2/3-Enterprise,capable,"ruangan kosong, scan di dalam ruangan"
2026-10-05T10:11:39,4,L4-027,,,T1,laptopA,1,WiFi-UB.x,c0:c7:0a:58:34:11,2412,1,2.4,20,-60.0,,2,23.5,WPA2/3-Enterprise,capable,"ruangan kosong, scan di dalam ruangan"
2026-10-05T10:11:48,4,L4-027,,,T1,laptopA,2,FILKOM EVENT,c0:c7:0a:98:3a:c2,5200,40,5,20,-82.0,,1,54.9,WPA2-Personal,capable,"ruangan kosong, scan di dalam ruangan"
2026-10-05T10:11:48,4,L4-027,,,T1,laptopA,2,FILKOM EVENT,00:e6:3a:91:03:4c,5240,48,5,20,-85.0,,0,12.9,WPA2-Personal,capable,"ruangan kosong, scan di dalam ruangan"
2026-10-05T10:11:48,4,L4-027,,,T1,laptopA,2,eduroam,c0:c7:0a:58:34:d0,2462,11,2.4,20,-85.0,,0,44.3,WPA2/3-Enterprise,capable,"ruangan kosong, scan di dalam ruangan"
2026-10-05T10:11:48,4,L4-027,,,T1,laptopA,2,WiFi-FILKOM,e8:10:98:82:0b:31,2412,1,2.4,20,-83.0,,,,WPA2/3-Enterprise,no,"ruangan kosong, scan di dalam ruangan"
2026-10-05T10:11:48,4,L4-027,,,T1,laptopA,2,WiFi-UB.x,e8:10:98:82:0b:30,2412,1,2.4,20,-83.0,,,,WPA2/3-Enterprise,no,"ruangan kosong, scan di dalam ruangan"
2026-10-05T10:11:48,4,L4-027,,,T1,laptopA,2,WiFi-UB.x,c0:c7:0a:98:3a:52,5180,36,5,20,-63.0,,36,72.5,WPA2/3-Enterprise,capable,"ruangan kosong, scan di dalam ruangan"
2026-10-05T10:11:48,4,L4-027,,,T1,laptopA,2,myECO_IR,ca:2b:96:1c:d9:5c,2412,1,2.4,20,-87.0,,,,Open,no,"ruangan kosong, scan di dalam ruangan"
2026-10-05T10:11:48,4,L4-027,,,T1,laptopA,2,FILKOM EVENT,c0:c7:0a:98:3a:51,5180,36,5,20,-66.0,,3,72.5,WPA2-Personal,capable,"ruangan kosong, scan di dalam ruangan"
2026-10-05T10:11:48,4,L4-027,,,T1,laptopA,2,eduroam,c0:c7:0a:98:3a:50,5180,36,5,20,-63.0,,5,72.5,WPA2/3-Enterprise,capable,"ruangan kosong, scan di dalam ruangan"
2026-10-05T10:11:48,4,L4-027,,,T1,laptopA,2,WiFi-UB.x,00:e6:3a:51:03:4c,5240,48,5,20,-87.0,,2,13.7,WPA2/3-Enterprise,capable,"ruangan kosong, scan di dalam ruangan"
2026-10-05T10:11:48,4,L4-027,,,T1,laptopA,2,eduroam,00:e6:3a:11:03:4c,5240,48,5,20,-84.0,,1,12.9,WPA2/3-Enterprise,capable,"ruangan kosong, scan di dalam ruangan"
2026-10-05T10:11:48,4,L4-027,,,T1,laptopA,2,iPhone,5e:8f:e6:32:7a:bf,5745,149,5,80,-92.0,,,,WPA2/WPA3-Personal,capable,"ruangan kosong, scan di dalam ruangan"
2026-10-05T10:11:48,4,L4-027,,,T1,laptopA,2,WiFi-UB.x,c0:c7:0a:98:34:d1,5765,153,5,20,-74.0,,20,54.1,WPA2/3-Enterprise,capable,"ruangan kosong, scan di dalam ruangan"
2026-10-05T10:11:48,4,L4-027,,,T1,laptopA,2,eduroam,c0:c7:0a:98:34:d0,5765,153,5,20,-74.0,,1,54.1,WPA2/3-Enterprise,capable,"ruangan kosong, scan di dalam ruangan"
2026-10-05T10:11:48,4,L4-027,,,T1,laptopA,2,FILKOM EVENT,c0:c7:0a:98:34:12,5220,44,5,20,-48.0,,0,76.9,WPA2-Personal,capable,"ruangan kosong, scan di dalam ruangan"
2026-10-05T10:11:48,4,L4-027,,,T1,laptopA,2,eduroam,c0:c7:0a:98:38:b0,5805,161,5,20,-59.0,,1,38.8,WPA2/3-Enterprise,capable,"ruangan kosong, scan di dalam ruangan"
2026-10-05T10:11:48,4,L4-027,,,T1,laptopA,2,DIRECT-NKTOBTOBmsL8,4e:50:dd:3d:4b:8a,5220,44,5,40,-46.0,,,,WPA2-Personal,no,"ruangan kosong, scan di dalam ruangan"
2026-10-05T10:11:48,4,L4-027,,,T1,laptopA,2,FILKOM EVENT,c0:c7:0a:98:34:d2,5765,153,5,20,-74.0,,3,54.1,WPA2-Personal,capable,"ruangan kosong, scan di dalam ruangan"
2026-10-05T10:11:48,4,L4-027,,,T1,laptopA,2,eduroam,c0:c7:0a:98:34:10,5220,44,5,20,-46.0,,4,76.9,WPA2/3-Enterprise,capable,"ruangan kosong, scan di dalam ruangan"
2026-10-05T10:11:48,4,L4-027,,,T1,laptopA,2,Hello World!,da:dc:e6:e3:be:97,2462,11,2.4,20,-84.0,,,,WPA2-Personal,no,"ruangan kosong, scan di dalam ruangan"
2026-10-05T10:11:48,4,L4-027,,,T1,laptopA,2,5i NAUPAL,b6:2d:29:3b:0d:0d,2442,7,2.4,20,-86.0,,,,WPA2-Personal,capable,"ruangan kosong, scan di dalam ruangan"
2026-10-05T10:11:48,4,L4-027,,,T1,laptopA,2,zania,ee:ee:9d:2a:ef:d3,2437,6,2.4,20,-78.0,,,,WPA2/WPA3-Personal,capable,"ruangan kosong, scan di dalam ruangan"
2026-10-05T10:11:48,4,L4-027,,,T1,laptopA,2,FILKOM EVENT,c0:c7:0a:58:34:12,2412,1,2.4,20,-59.0,,0,11.8,WPA2-Personal,capable,"ruangan kosong, scan di dalam ruangan"
2026-10-05T10:11:48,4,L4-027,,,T1,laptopA,2,eduroam,c0:c7:0a:58:34:10,2412,1,2.4,20,-58.0,,1,11.8,WPA2/3-Enterprise,capable,"ruangan kosong, scan di dalam ruangan"
2026-10-05T10:11:48,4,L4-027,,,T1,laptopA,2,WiFi-UB.x,c0:c7:0a:58:34:d2,2462,11,2.4,20,-85.0,,4,55.3,WPA2/3-Enterprise,capable,"ruangan kosong, scan di dalam ruangan"
2026-10-05T10:11:48,4,L4-027,,,T1,laptopA,2,Bluebook,fa:5b:0c:5d:54:c3,2412,1,2.4,20,-71.0,,,,WPA2-Personal,no,"ruangan kosong, scan di dalam ruangan"
2026-10-05T10:11:48,4,L4-027,,,T1,laptopA,2,WiFi-UB.x,c0:c7:0a:98:34:11,5220,44,5,20,-47.0,,14,76.9,WPA2/3-Enterprise,capable,"ruangan kosong, scan di dalam ruangan"
2026-10-05T10:11:48,4,L4-027,,,T1,laptopA,2,"3x - 16 = 20, x = ?",62:20:00:37:ba:e1,2462,11,2.4,20,-73.0,,,,WPA2/WPA3-Personal,capable,"ruangan kosong, scan di dalam ruangan"
2026-10-05T10:11:48,4,L4-027,,,T1,laptopA,2,FILKOM EVENT,c0:c7:0a:98:38:b2,5805,161,5,20,-60.0,,0,38.8,WPA2-Personal,capable,"ruangan kosong, scan di dalam ruangan"
2026-10-05T10:11:48,4,L4-027,,,T1,laptopA,2,WiFi-UB.x,c0:c7:0a:98:38:b1,5805,161,5,20,-59.0,,10,38.8,WPA2/3-Enterprise,capable,"ruangan kosong, scan di dalam ruangan"
2026-10-05T10:11:48,4,L4-027,,,T1,laptopA,2,WiFi-UB.x,c0:c7:0a:58:34:11,2412,1,2.4,20,-58.0,,1,11.8,WPA2/3-Enterprise,capable,"ruangan kosong, scan di dalam ruangan"
2026-10-05T10:11:57,4,L4-027,,,T1,laptopA,3,eduroam,00:e6:3a:10:e6:18,2412,1,2.4,20,-81.0,,0,82.0,WPA2/3-Enterprise,capable,"ruangan kosong, scan di dalam ruangan"
2026-10-05T10:11:57,4,L4-027,,,T1,laptopA,3,FILKOM EVENT,c0:c7:0a:98:3a:c2,5200,40,5,20,-82.0,,1,54.9,WPA2-Personal,capable,"ruangan kosong, scan di dalam ruangan"
2026-10-05T10:11:57,4,L4-027,,,T1,laptopA,3,FILKOM EVENT,00:e6:3a:91:03:4c,5240,48,5,20,-85.0,,0,12.9,WPA2-Personal,capable,"ruangan kosong, scan di dalam ruangan"
2026-10-05T10:11:57,4,L4-027,,,T1,laptopA,3,eduroam,c0:c7:0a:58:34:d0,2462,11,2.4,20,-85.0,,0,44.3,WPA2/3-Enterprise,capable,"ruangan kosong, scan di dalam ruangan"
2026-10-05T10:11:57,4,L4-027,,,T1,laptopA,3,WiFi-FILKOM,e8:10:98:82:0b:31,2412,1,2.4,20,-83.0,,,,WPA2/3-Enterprise,no,"ruangan kosong, scan di dalam ruangan"
2026-10-05T10:11:57,4,L4-027,,,T1,laptopA,3,WiFi-UB.x,e8:10:98:82:0b:30,2412,1,2.4,20,-83.0,,,,WPA2/3-Enterprise,no,"ruangan kosong, scan di dalam ruangan"
2026-10-05T10:11:57,4,L4-027,,,T1,laptopA,3,WiFi-UB.x,c0:c7:0a:98:3a:52,5180,36,5,20,-66.0,,36,66.7,WPA2/3-Enterprise,capable,"ruangan kosong, scan di dalam ruangan"
2026-10-05T10:11:57,4,L4-027,,,T1,laptopA,3,myECO_IR,ca:2b:96:1c:d9:5c,2412,1,2.4,20,-87.0,,,,Open,no,"ruangan kosong, scan di dalam ruangan"
2026-10-05T10:11:57,4,L4-027,,,T1,laptopA,3,FILKOM EVENT,c0:c7:0a:98:3a:51,5180,36,5,20,-70.0,,3,66.7,WPA2-Personal,capable,"ruangan kosong, scan di dalam ruangan"
2026-10-05T10:11:57,4,L4-027,,,T1,laptopA,3,eduroam,c0:c7:0a:98:3a:50,5180,36,5,20,-66.0,,5,66.7,WPA2/3-Enterprise,capable,"ruangan kosong, scan di dalam ruangan"
2026-10-05T10:11:57,4,L4-027,,,T1,laptopA,3,WiFi-UB.x,00:e6:3a:51:03:4c,5240,48,5,20,-87.0,,2,13.7,WPA2/3-Enterprise,capable,"ruangan kosong, scan di dalam ruangan"
2026-10-05T10:11:57,4,L4-027,,,T1,laptopA,3,eduroam,00:e6:3a:11:03:4c,5240,48,5,20,-84.0,,1,12.9,WPA2/3-Enterprise,capable,"ruangan kosong, scan di dalam ruangan"
2026-10-05T10:11:57,4,L4-027,,,T1,laptopA,3,iPhone,5e:8f:e6:32:7a:bf,5745,149,5,80,-92.0,,,,WPA2/WPA3-Personal,capable,"ruangan kosong, scan di dalam ruangan"
2026-10-05T10:11:57,4,L4-027,,,T1,laptopA,3,WiFi-UB.x,c0:c7:0a:98:34:d1,5765,153,5,20,-80.0,,20,42.0,WPA2/3-Enterprise,capable,"ruangan kosong, scan di dalam ruangan"
2026-10-05T10:11:57,4,L4-027,,,T1,laptopA,3,eduroam,c0:c7:0a:98:34:d0,5765,153,5,20,-81.0,,1,42.0,WPA2/3-Enterprise,capable,"ruangan kosong, scan di dalam ruangan"
2026-10-05T10:11:57,4,L4-027,,,T1,laptopA,3,FILKOM EVENT,c0:c7:0a:98:34:12,5220,44,5,20,-48.0,,0,32.9,WPA2-Personal,capable,"ruangan kosong, scan di dalam ruangan"
2026-10-05T10:11:57,4,L4-027,,,T1,laptopA,3,eduroam,c0:c7:0a:98:38:b0,5805,161,5,20,-60.0,,1,4.7,WPA2/3-Enterprise,capable,"ruangan kosong, scan di dalam ruangan"
2026-10-05T10:11:57,4,L4-027,,,T1,laptopA,3,DIRECT-NKTOBTOBmsL8,4e:50:dd:3d:4b:8a,5220,44,5,40,-49.0,,,,WPA2-Personal,no,"ruangan kosong, scan di dalam ruangan"
2026-10-05T10:11:57,4,L4-027,,,T1,laptopA,3,FILKOM EVENT,c0:c7:0a:98:34:d2,5765,153,5,20,-82.0,,3,42.0,WPA2-Personal,capable,"ruangan kosong, scan di dalam ruangan"
2026-10-05T10:11:57,4,L4-027,,,T1,laptopA,3,eduroam,c0:c7:0a:98:34:10,5220,44,5,20,-47.0,,3,32.9,WPA2/3-Enterprise,capable,"ruangan kosong, scan di dalam ruangan"
2026-10-05T10:11:57,4,L4-027,,,T1,laptopA,3,Hello World!,da:dc:e6:e3:be:97,2462,11,2.4,20,-81.0,,,,WPA2-Personal,no,"ruangan kosong, scan di dalam ruangan"
2026-10-05T10:11:57,4,L4-027,,,T1,laptopA,3,5i NAUPAL,b6:2d:29:3b:0d:0d,2442,7,2.4,20,-86.0,,,,WPA2-Personal,capable,"ruangan kosong, scan di dalam ruangan"
2026-10-05T10:11:57,4,L4-027,,,T1,laptopA,3,zania,ee:ee:9d:2a:ef:d3,2437,6,2.4,20,-88.0,,,,WPA2/WPA3-Personal,capable,"ruangan kosong, scan di dalam ruangan"
2026-10-05T10:11:57,4,L4-027,,,T1,laptopA,3,FILKOM EVENT,c0:c7:0a:58:34:12,2412,1,2.4,20,-60.0,,0,32.2,WPA2-Personal,capable,"ruangan kosong, scan di dalam ruangan"
2026-10-05T10:11:57,4,L4-027,,,T1,laptopA,3,eduroam,c0:c7:0a:58:34:10,2412,1,2.4,20,-60.0,,2,32.2,WPA2/3-Enterprise,capable,"ruangan kosong, scan di dalam ruangan"
2026-10-05T10:11:57,4,L4-027,,,T1,laptopA,3,WiFi-UB.x,c0:c7:0a:58:34:d2,2462,11,2.4,20,-85.0,,4,55.3,WPA2/3-Enterprise,capable,"ruangan kosong, scan di dalam ruangan"
2026-10-05T10:11:57,4,L4-027,,,T1,laptopA,3,Bluebook,fa:5b:0c:5d:54:c3,2412,1,2.4,20,-80.0,,,,WPA2-Personal,no,"ruangan kosong, scan di dalam ruangan"
2026-10-05T10:11:57,4,L4-027,,,T1,laptopA,3,WiFi-UB.x,c0:c7:0a:98:34:11,5220,44,5,20,-46.0,,14,32.9,WPA2/3-Enterprise,capable,"ruangan kosong, scan di dalam ruangan"
2026-10-05T10:11:57,4,L4-027,,,T1,laptopA,3,"3x - 16 = 20, x = ?",62:20:00:37:ba:e1,2462,11,2.4,20,-69.0,,,,WPA2/WPA3-Personal,capable,"ruangan kosong, scan di dalam ruangan"
2026-10-05T10:11:57,4,L4-027,,,T1,laptopA,3,FILKOM EVENT,c0:c7:0a:98:38:b2,5805,161,5,20,-62.0,,0,4.7,WPA2-Personal,capable,"ruangan kosong, scan di dalam ruangan"
2026-10-05T10:11:57,4,L4-027,,,T1,laptopA,3,WiFi-UB.x,c0:c7:0a:98:38:b1,5805,161,5,20,-60.0,,11,4.7,WPA2/3-Enterprise,capable,"ruangan kosong, scan di dalam ruangan"
2026-10-05T10:11:57,4,L4-027,,,T1,laptopA,3,WiFi-UB.x,c0:c7:0a:58:34:11,2412,1,2.4,20,-60.0,,1,32.2,WPA2/3-Enterprise,capable,"ruangan kosong, scan di dalam ruangan"
2026-10-05T10:15:05,4,L4-025,,,T1,laptopA,1,WiFi-UB.x,e8:10:98:82:0b:20,5220,44,5,40,-90.0,,,,WPA2/3-Enterprise,no,di luar ruangan
2026-10-05T10:15:05,4,L4-025,,,T1,laptopA,1,FILKOM EVENT,e8:10:98:82:0b:23,5220,44,5,40,-88.0,,,,WPA2-Personal,no,di luar ruangan
2026-10-05T10:15:05,4,L4-025,,,T1,laptopA,1,eduroam,28:b3:71:ab:d3:90,5240,48,5,20,-89.0,,7,23.5,WPA2/3-Enterprise,capable,di luar ruangan
2026-10-05T10:15:05,4,L4-025,,,T1,laptopA,1,FILKOM EVENT,e8:10:98:82:0b:43,5805,161,5,40,-91.0,,,,WPA2-Personal,no,di luar ruangan
2026-10-05T10:15:05,4,L4-025,,,T1,laptopA,1,FILKOM EVENT,00:e6:3a:50:e6:18,2412,1,2.4,20,-79.0,,4,92.2,WPA2-Personal,capable,di luar ruangan
2026-10-05T10:15:05,4,L4-025,,,T1,laptopA,1,WiFi-UB.x,00:e6:3a:90:e6:18,2412,1,2.4,20,-76.0,,3,92.2,WPA2/3-Enterprise,capable,di luar ruangan
2026-10-05T10:15:05,4,L4-025,,,T1,laptopA,1,eduroam,00:e6:3a:10:e6:18,2412,1,2.4,20,-77.0,,0,53.7,WPA2/3-Enterprise,capable,di luar ruangan
2026-10-05T10:15:05,4,L4-025,,,T1,laptopA,1,eduroam,c0:c7:0a:98:3a:c0,5200,40,5,20,-79.0,,17,59.6,WPA2/3-Enterprise,capable,di luar ruangan
2026-10-05T10:15:05,4,L4-025,,,T1,laptopA,1,DIRECT-UCNOVIAN-ARIANSYAHJCW,22:bd:1d:c8:40:92,5745,149,5,20,-90.0,,,,WPA2-Personal,no,di luar ruangan
2026-10-05T10:15:05,4,L4-025,,,T1,laptopA,1,FILKOM EVENT,c0:c7:0a:98:3a:c2,5200,40,5,20,-83.0,,1,59.6,WPA2-Personal,capable,di luar ruangan
2026-10-05T10:15:05,4,L4-025,,,T1,laptopA,1,FILKOM EVENT,00:e6:3a:91:03:4c,5240,48,5,20,-81.0,,0,22.7,WPA2-Personal,capable,di luar ruangan
2026-10-05T10:15:05,4,L4-025,,,T1,laptopA,1,eduroam,c0:c7:0a:58:34:d0,2462,11,2.4,20,-82.0,,0,42.0,WPA2/3-Enterprise,capable,di luar ruangan
2026-10-05T10:15:05,4,L4-025,,,T1,laptopA,1,WiFi-UB.x,00:e6:3a:51:03:4c,5240,48,5,20,-80.0,,2,22.7,WPA2/3-Enterprise,capable,di luar ruangan
2026-10-05T10:15:05,4,L4-025,,,T1,laptopA,1,eduroam,00:e6:3a:11:03:4c,5240,48,5,20,-80.0,,1,22.7,WPA2/3-Enterprise,capable,di luar ruangan
2026-10-05T10:15:05,4,L4-025,,,T1,laptopA,1,FILKOM EVENT,c0:c7:0a:98:34:12,5220,44,5,20,-63.0,,0,21.6,WPA2-Personal,capable,di luar ruangan
2026-10-05T10:15:05,4,L4-025,,,T1,laptopA,1,eduroam,c0:c7:0a:98:38:b0,5805,161,5,20,-55.0,,2,2.7,WPA2/3-Enterprise,capable,di luar ruangan
2026-10-05T10:15:05,4,L4-025,,,T1,laptopA,1,DIRECT-NKTOBTOBmsL8,4e:50:dd:3d:4b:8a,5220,44,5,40,-52.0,,,,WPA2-Personal,no,di luar ruangan
2026-10-05T10:15:05,4,L4-025,,,T1,laptopA,1,eduroam,c0:c7:0a:98:34:10,5220,44,5,20,-62.0,,1,21.6,WPA2/3-Enterprise,capable,di luar ruangan
2026-10-05T10:15:05,4,L4-025,,,T1,laptopA,1,zania,ee:ee:9d:2a:ef:d3,2437,6,2.4,20,-78.0,,,,WPA2/WPA3-Personal,capable,di luar ruangan
2026-10-05T10:15:05,4,L4-025,,,T1,laptopA,1,FILKOM EVENT,c0:c7:0a:58:34:12,2412,1,2.4,20,-73.0,,0,23.9,WPA2-Personal,capable,di luar ruangan
2026-10-05T10:15:05,4,L4-025,,,T1,laptopA,1,eduroam,c0:c7:0a:58:34:10,2412,1,2.4,20,-72.0,,1,23.9,WPA2/3-Enterprise,capable,di luar ruangan
2026-10-05T10:15:05,4,L4-025,,,T1,laptopA,1,WiFi-UB.x,c0:c7:0a:58:34:d2,2462,11,2.4,20,-82.0,,5,42.0,WPA2/3-Enterprise,capable,di luar ruangan
2026-10-05T10:15:05,4,L4-025,,,T1,laptopA,1,Bluebook,fa:5b:0c:5d:54:c3,2412,1,2.4,20,-73.0,,,,WPA2-Personal,no,di luar ruangan
2026-10-05T10:15:05,4,L4-025,,,T1,laptopA,1,WiFi-UB.x,c0:c7:0a:98:34:11,5220,44,5,20,-56.0,,13,21.6,WPA2/3-Enterprise,capable,di luar ruangan
2026-10-05T10:15:05,4,L4-025,,,T1,laptopA,1,"3x - 16 = 20, x = ?",62:20:00:37:ba:e1,2462,11,2.4,20,-74.0,,,,WPA2/WPA3-Personal,capable,di luar ruangan
2026-10-05T10:15:05,4,L4-025,,,T1,laptopA,1,FILKOM EVENT,c0:c7:0a:98:38:b2,5805,161,5,20,-57.0,,0,2.7,WPA2-Personal,capable,di luar ruangan
2026-10-05T10:15:05,4,L4-025,,,T1,laptopA,1,WiFi-UB.x,c0:c7:0a:98:38:b1,5805,161,5,20,-56.0,,12,2.7,WPA2/3-Enterprise,capable,di luar ruangan
2026-10-05T10:15:05,4,L4-025,,,T1,laptopA,1,WiFi-UB.x,c0:c7:0a:58:34:11,2412,1,2.4,20,-73.0,,0,23.9,WPA2/3-Enterprise,capable,di luar ruangan
2026-10-05T10:15:14,4,L4-025,,,T1,laptopA,2,eduroam,00:e6:3a:10:e7:4c,5200,40,5,20,-88.0,,2,14.9,WPA2/3-Enterprise,capable,di luar ruangan
2026-10-05T10:15:14,4,L4-025,,,T1,laptopA,2,LAB_RES,4c:bb:58:f7:f3:8f,2462,11,2.4,20,-90.0,,,,WPA2-Personal,no,di luar ruangan
2026-10-05T10:15:14,4,L4-025,,,T1,laptopA,2,WiFi-UB.x,e8:10:98:82:0b:20,5220,44,5,40,-90.0,,,,WPA2/3-Enterprise,no,di luar ruangan
2026-10-05T10:15:14,4,L4-025,,,T1,laptopA,2,FILKOM EVENT,e8:10:98:82:0b:23,5220,44,5,40,-88.0,,,,WPA2-Personal,no,di luar ruangan
2026-10-05T10:15:14,4,L4-025,,,T1,laptopA,2,eduroam,28:b3:71:ab:d3:90,5240,48,5,20,-89.0,,7,23.5,WPA2/3-Enterprise,capable,di luar ruangan
2026-10-05T10:15:14,4,L4-025,,,T1,laptopA,2,FILKOM EVENT,e8:10:98:82:0b:43,5805,161,5,40,-91.0,,,,WPA2-Personal,no,di luar ruangan
2026-10-05T10:15:14,4,L4-025,,,T1,laptopA,2,FILKOM EVENT,00:e6:3a:50:e6:18,2412,1,2.4,20,-79.0,,4,92.2,WPA2-Personal,capable,di luar ruangan
2026-10-05T10:15:14,4,L4-025,,,T1,laptopA,2,WiFi-UB.x,00:e6:3a:90:e6:18,2412,1,2.4,20,-80.0,,3,91.8,WPA2/3-Enterprise,capable,di luar ruangan
2026-10-05T10:15:14,4,L4-025,,,T1,laptopA,2,eduroam,00:e6:3a:10:e6:18,2412,1,2.4,20,-81.0,,0,91.8,WPA2/3-Enterprise,capable,di luar ruangan
2026-10-05T10:15:14,4,L4-025,,,T1,laptopA,2,eduroam,c0:c7:0a:98:3a:c0,5200,40,5,20,-79.0,,17,59.6,WPA2/3-Enterprise,capable,di luar ruangan
2026-10-05T10:15:14,4,L4-025,,,T1,laptopA,2,DIRECT-UCNOVIAN-ARIANSYAHJCW,22:bd:1d:c8:40:92,5745,149,5,20,-90.0,,,,WPA2-Personal,no,di luar ruangan
2026-10-05T10:15:14,4,L4-025,,,T1,laptopA,2,FILKOM EVENT,c0:c7:0a:98:3a:c2,5200,40,5,20,-83.0,,1,59.6,WPA2-Personal,capable,di luar ruangan
2026-10-05T10:15:14,4,L4-025,,,T1,laptopA,2,FILKOM EVENT,00:e6:3a:91:03:4c,5240,48,5,20,-81.0,,0,22.7,WPA2-Personal,capable,di luar ruangan
2026-10-05T10:15:14,4,L4-025,,,T1,laptopA,2,eduroam,c0:c7:0a:58:34:d0,2462,11,2.4,20,-82.0,,0,42.0,WPA2/3-Enterprise,capable,di luar ruangan
2026-10-05T10:15:14,4,L4-025,,,T1,laptopA,2,WiFi-UB.x,00:e6:3a:51:03:4c,5240,48,5,20,-80.0,,2,22.7,WPA2/3-Enterprise,capable,di luar ruangan
2026-10-05T10:15:14,4,L4-025,,,T1,laptopA,2,eduroam,00:e6:3a:11:03:4c,5240,48,5,20,-80.0,,1,22.7,WPA2/3-Enterprise,capable,di luar ruangan
2026-10-05T10:15:14,4,L4-025,,,T1,laptopA,2,eduroam,c0:c7:0a:98:34:d0,5765,153,5,20,-71.0,,2,49.8,WPA2/3-Enterprise,capable,di luar ruangan
2026-10-05T10:15:14,4,L4-025,,,T1,laptopA,2,FILKOM EVENT,c0:c7:0a:98:34:12,5220,44,5,20,-60.0,,0,14.9,WPA2-Personal,capable,di luar ruangan
2026-10-05T10:15:14,4,L4-025,,,T1,laptopA,2,eduroam,c0:c7:0a:98:38:b0,5805,161,5,20,-55.0,,2,2.7,WPA2/3-Enterprise,capable,di luar ruangan
2026-10-05T10:15:14,4,L4-025,,,T1,laptopA,2,DIRECT-NKTOBTOBmsL8,4e:50:dd:3d:4b:8a,5220,44,5,40,-52.0,,,,WPA2-Personal,no,di luar ruangan
2026-10-05T10:15:14,4,L4-025,,,T1,laptopA,2,FILKOM EVENT,c0:c7:0a:98:34:d2,5765,153,5,20,-72.0,,3,49.8,WPA2-Personal,capable,di luar ruangan
2026-10-05T10:15:14,4,L4-025,,,T1,laptopA,2,eduroam,c0:c7:0a:98:34:10,5220,44,5,20,-59.0,,1,14.9,WPA2/3-Enterprise,capable,di luar ruangan
2026-10-05T10:15:14,4,L4-025,,,T1,laptopA,2,zania,ee:ee:9d:2a:ef:d3,2437,6,2.4,20,-78.0,,,,WPA2/WPA3-Personal,capable,di luar ruangan
2026-10-05T10:15:14,4,L4-025,,,T1,laptopA,2,FILKOM EVENT,c0:c7:0a:58:34:12,2412,1,2.4,20,-71.0,,0,25.9,WPA2-Personal,capable,di luar ruangan
2026-10-05T10:15:14,4,L4-025,,,T1,laptopA,2,WiFi-UB.x,00:e6:3a:50:e7:4c,5200,40,5,20,-87.0,,4,14.9,WPA2/3-Enterprise,capable,di luar ruangan
2026-10-05T10:15:14,4,L4-025,,,T1,laptopA,2,eduroam,c0:c7:0a:58:34:10,2412,1,2.4,20,-70.0,,1,25.9,WPA2/3-Enterprise,capable,di luar ruangan
2026-10-05T10:15:14,4,L4-025,,,T1,laptopA,2,WiFi-UB.x,c0:c7:0a:58:34:d2,2462,11,2.4,20,-82.0,,5,42.0,WPA2/3-Enterprise,capable,di luar ruangan
2026-10-05T10:15:14,4,L4-025,,,T1,laptopA,2,Bluebook,fa:5b:0c:5d:54:c3,2412,1,2.4,20,-73.0,,,,WPA2-Personal,no,di luar ruangan
2026-10-05T10:15:14,4,L4-025,,,T1,laptopA,2,WiFi-UB.x,c0:c7:0a:98:34:11,5220,44,5,20,-57.0,,14,14.9,WPA2/3-Enterprise,capable,di luar ruangan
2026-10-05T10:15:14,4,L4-025,,,T1,laptopA,2,"3x - 16 = 20, x = ?",62:20:00:37:ba:e1,2462,11,2.4,20,-75.0,,,,WPA2/WPA3-Personal,capable,di luar ruangan
2026-10-05T10:15:14,4,L4-025,,,T1,laptopA,2,FILKOM EVENT,c0:c7:0a:98:38:b2,5805,161,5,20,-57.0,,0,2.7,WPA2-Personal,capable,di luar ruangan
2026-10-05T10:15:14,4,L4-025,,,T1,laptopA,2,WiFi-UB.x,c0:c7:0a:98:38:b1,5805,161,5,20,-56.0,,12,2.7,WPA2/3-Enterprise,capable,di luar ruangan
2026-10-05T10:15:14,4,L4-025,,,T1,laptopA,2,WiFi-UB.x,c0:c7:0a:58:34:11,2412,1,2.4,20,-70.0,,0,25.9,WPA2/3-Enterprise,capable,di luar ruangan
2026-10-05T10:15:23,4,L4-025,,,T1,laptopA,3,eduroam,00:e6:3a:10:e7:4c,5200,40,5,20,-88.0,,2,14.9,WPA2/3-Enterprise,capable,di luar ruangan
2026-10-05T10:15:23,4,L4-025,,,T1,laptopA,3,LAB_RES,4c:bb:58:f7:f3:8f,2462,11,2.4,20,-90.0,,,,WPA2-Personal,no,di luar ruangan
2026-10-05T10:15:23,4,L4-025,,,T1,laptopA,3,WiFi-UB.x,e8:10:98:82:0b:20,5220,44,5,40,-90.0,,,,WPA2/3-Enterprise,no,di luar ruangan
2026-10-05T10:15:23,4,L4-025,,,T1,laptopA,3,FILKOM EVENT,e8:10:98:82:0b:23,5220,44,5,40,-88.0,,,,WPA2-Personal,no,di luar ruangan
2026-10-05T10:15:23,4,L4-025,,,T1,laptopA,3,eduroam,28:b3:71:ab:d3:90,5240,48,5,20,-89.0,,7,23.5,WPA2/3-Enterprise,capable,di luar ruangan
2026-10-05T10:15:23,4,L4-025,,,T1,laptopA,3,FILKOM EVENT,e8:10:98:82:0b:43,5805,161,5,40,-91.0,,,,WPA2-Personal,no,di luar ruangan
2026-10-05T10:15:23,4,L4-025,,,T1,laptopA,3,FILKOM EVENT,00:e6:3a:50:e6:18,2412,1,2.4,20,-79.0,,4,92.2,WPA2-Personal,capable,di luar ruangan
2026-10-05T10:15:23,4,L4-025,,,T1,laptopA,3,WiFi-UB.x,00:e6:3a:90:e6:18,2412,1,2.4,20,-81.0,,3,89.4,WPA2/3-Enterprise,capable,di luar ruangan
2026-10-05T10:15:23,4,L4-025,,,T1,laptopA,3,eduroam,00:e6:3a:10:e6:18,2412,1,2.4,20,-81.0,,0,91.8,WPA2/3-Enterprise,capable,di luar ruangan
2026-10-05T10:15:23,4,L4-025,,,T1,laptopA,3,eduroam,c0:c7:0a:98:34:d0,5765,153,5,20,-71.0,,2,49.8,WPA2/3-Enterprise,capable,di luar ruangan
2026-10-05T10:15:23,4,L4-025,,,T1,laptopA,3,FILKOM EVENT,c0:c7:0a:98:34:12,5220,44,5,20,-66.0,,0,16.5,WPA2-Personal,capable,di luar ruangan
2026-10-05T10:15:23,4,L4-025,,,T1,laptopA,3,eduroam,c0:c7:0a:98:38:b0,5805,161,5,20,-70.0,,1,64.3,WPA2/3-Enterprise,capable,di luar ruangan
2026-10-05T10:15:23,4,L4-025,,,T1,laptopA,3,FILKOM EVENT,c0:c7:0a:98:34:d2,5765,153,5,20,-72.0,,3,49.8,WPA2-Personal,capable,di luar ruangan
2026-10-05T10:15:23,4,L4-025,,,T1,laptopA,3,eduroam,c0:c7:0a:98:34:10,5220,44,5,20,-65.0,,0,16.5,WPA2/3-Enterprise,capable,di luar ruangan
2026-10-05T10:15:23,4,L4-025,,,T1,laptopA,3,FILKOM EVENT,c0:c7:0a:58:34:12,2412,1,2.4,20,-71.0,,0,25.9,WPA2-Personal,capable,di luar ruangan
2026-10-05T10:15:23,4,L4-025,,,T1,laptopA,3,WiFi-UB.x,00:e6:3a:50:e7:4c,5200,40,5,20,-87.0,,4,14.9,WPA2/3-Enterprise,capable,di luar ruangan
2026-10-05T10:15:23,4,L4-025,,,T1,laptopA,3,eduroam,c0:c7:0a:58:34:10,2412,1,2.4,20,-70.0,,1,25.9,WPA2/3-Enterprise,capable,di luar ruangan
2026-10-05T10:15:23,4,L4-025,,,T1,laptopA,3,WiFi-UB.x,c0:c7:0a:98:34:11,5220,44,5,20,-63.0,,14,15.3,WPA2/3-Enterprise,capable,di luar ruangan
2026-10-05T10:15:23,4,L4-025,,,T1,laptopA,3,"3x - 16 = 20, x = ?",62:20:00:37:ba:e1,2462,11,2.4,20,-75.0,,,,WPA2/WPA3-Personal,capable,di luar ruangan
2026-10-05T10:15:23,4,L4-025,,,T1,laptopA,3,FILKOM EVENT,c0:c7:0a:98:38:b2,5805,161,5,20,-71.0,,0,64.3,WPA2-Personal,capable,di luar ruangan
2026-10-05T10:15:23,4,L4-025,,,T1,laptopA,3,WiFi-UB.x,c0:c7:0a:58:34:11,2412,1,2.4,20,-70.0,,0,25.9,WPA2/3-Enterprise,capable,di luar ruangan
2026-10-05T10:16:46,4,L4-028,,,T1,laptopA,1,WiFi-UB.x,c0:c7:0a:98:3a:52,5180,36,5,20,-52.0,,42,56.1,WPA2/3-Enterprise,capable,"ruangan kosong, scan di dalam ruangan"
2026-10-05T10:16:46,4,L4-028,,,T1,laptopA,1,FILKOM EVENT,c0:c7:0a:98:3a:51,5180,36,5,20,-55.0,,3,56.1,WPA2-Personal,capable,"ruangan kosong, scan di dalam ruangan"
2026-10-05T10:16:46,4,L4-028,,,T1,laptopA,1,eduroam,c0:c7:0a:98:3a:50,5180,36,5,20,-52.0,,5,56.1,WPA2/3-Enterprise,capable,"ruangan kosong, scan di dalam ruangan"
2026-10-05T10:16:46,4,L4-028,,,T1,laptopA,1,FKUB_HotSpot_Backup,b4:79:c8:ee:45:dc,5745,149,5,40,-91.0,,0,7.8,WPA2-Personal,no,"ruangan kosong, scan di dalam ruangan"
2026-10-05T10:16:46,4,L4-028,,,T1,laptopA,1,eduroam,b4:79:c8:6e:45:dc,5745,149,5,40,-90.0,,3,7.8,WPA2/3-Enterprise,no,"ruangan kosong, scan di dalam ruangan"
2026-10-05T10:16:46,4,L4-028,,,T1,laptopA,1,WiFi-UB.x,c0:c7:0a:98:34:d1,5765,153,5,20,-65.0,,25,67.1,WPA2/3-Enterprise,capable,"ruangan kosong, scan di dalam ruangan"
2026-10-05T10:16:46,4,L4-028,,,T1,laptopA,1,Hello World!,da:dc:e6:e3:be:97,2462,11,2.4,20,-74.0,,,,WPA2-Personal,no,"ruangan kosong, scan di dalam ruangan"
2026-10-05T10:16:46,4,L4-028,,,T1,laptopA,1,WiFi-UB.x,b4:79:c8:ae:45:dc,5745,149,5,40,-89.0,,10,7.8,WPA2/3-Enterprise,no,"ruangan kosong, scan di dalam ruangan"
2026-10-05T10:16:46,4,L4-028,,,T1,laptopA,1,WifiUB lagi jelek yah :0,42:7e:d9:37:a5:b4,2412,1,2.4,20,-89.0,,,,WPA2-Personal,no,"ruangan kosong, scan di dalam ruangan"
2026-10-05T10:16:46,4,L4-028,,,T1,laptopA,1,eduroam,00:e6:3a:10:e7:4c,5200,40,5,20,-88.0,,2,14.9,WPA2/3-Enterprise,capable,"ruangan kosong, scan di dalam ruangan"
2026-10-05T10:16:46,4,L4-028,,,T1,laptopA,1,LAB_RES,4c:bb:58:f7:f3:8f,2462,11,2.4,20,-90.0,,,,WPA2-Personal,no,"ruangan kosong, scan di dalam ruangan"
2026-10-05T10:16:46,4,L4-028,,,T1,laptopA,1,WiFi-UB.x,e8:10:98:82:0b:20,5220,44,5,40,-90.0,,,,WPA2/3-Enterprise,no,"ruangan kosong, scan di dalam ruangan"
2026-10-05T10:16:46,4,L4-028,,,T1,laptopA,1,FILKOM EVENT,e8:10:98:82:0b:23,5220,44,5,40,-88.0,,,,WPA2-Personal,no,"ruangan kosong, scan di dalam ruangan"
2026-10-05T10:16:46,4,L4-028,,,T1,laptopA,1,eduroam,28:b3:71:ab:d3:90,5240,48,5,20,-89.0,,7,23.5,WPA2/3-Enterprise,capable,"ruangan kosong, scan di dalam ruangan"
2026-10-05T10:16:46,4,L4-028,,,T1,laptopA,1,FILKOM EVENT,e8:10:98:82:0b:43,5805,161,5,40,-91.0,,,,WPA2-Personal,no,"ruangan kosong, scan di dalam ruangan"
2026-10-05T10:16:46,4,L4-028,,,T1,laptopA,1,FILKOM EVENT,00:e6:3a:50:e6:18,2412,1,2.4,20,-79.0,,4,92.2,WPA2-Personal,capable,"ruangan kosong, scan di dalam ruangan"
2026-10-05T10:16:46,4,L4-028,,,T1,laptopA,1,WiFi-UB.x,00:e6:3a:90:e6:18,2412,1,2.4,20,-81.0,,3,89.4,WPA2/3-Enterprise,capable,"ruangan kosong, scan di dalam ruangan"
2026-10-05T10:16:46,4,L4-028,,,T1,laptopA,1,eduroam,00:e6:3a:10:e6:18,2412,1,2.4,20,-81.0,,0,91.8,WPA2/3-Enterprise,capable,"ruangan kosong, scan di dalam ruangan"
2026-10-05T10:16:46,4,L4-028,,,T1,laptopA,1,FILKOM EVENT,00:e6:3a:91:03:4c,5240,48,5,20,-85.0,,0,19.2,WPA2-Personal,capable,"ruangan kosong, scan di dalam ruangan"
2026-10-05T10:16:46,4,L4-028,,,T1,laptopA,1,eduroam,c0:c7:0a:58:34:d0,2462,11,2.4,20,-77.0,,0,43.9,WPA2/3-Enterprise,capable,"ruangan kosong, scan di dalam ruangan"
2026-10-05T10:16:46,4,L4-028,,,T1,laptopA,1,WiFi-UB.x,00:e6:3a:51:03:4c,5240,48,5,20,-84.0,,2,19.2,WPA2/3-Enterprise,capable,"ruangan kosong, scan di dalam ruangan"
2026-10-05T10:16:46,4,L4-028,,,T1,laptopA,1,eduroam,00:e6:3a:11:03:4c,5240,48,5,20,-85.0,,1,19.2,WPA2/3-Enterprise,capable,"ruangan kosong, scan di dalam ruangan"
2026-10-05T10:16:46,4,L4-028,,,T1,laptopA,1,eduroam,c0:c7:0a:98:34:d0,5765,153,5,20,-65.0,,5,67.1,WPA2/3-Enterprise,capable,"ruangan kosong, scan di dalam ruangan"
2026-10-05T10:16:46,4,L4-028,,,T1,laptopA,1,FILKOM EVENT,c0:c7:0a:98:34:12,5220,44,5,20,-62.0,,0,16.5,WPA2-Personal,capable,"ruangan kosong, scan di dalam ruangan"
2026-10-05T10:16:46,4,L4-028,,,T1,laptopA,1,eduroam,c0:c7:0a:98:38:b0,5805,161,5,20,-51.0,,1,74.9,WPA2/3-Enterprise,capable,"ruangan kosong, scan di dalam ruangan"
2026-10-05T10:16:46,4,L4-028,,,T1,laptopA,1,FILKOM EVENT,c0:c7:0a:98:34:d2,5765,153,5,20,-66.0,,3,67.1,WPA2-Personal,capable,"ruangan kosong, scan di dalam ruangan"
2026-10-05T10:16:46,4,L4-028,,,T1,laptopA,1,eduroam,c0:c7:0a:98:34:10,5220,44,5,20,-65.0,,0,16.5,WPA2/3-Enterprise,capable,"ruangan kosong, scan di dalam ruangan"
2026-10-05T10:16:46,4,L4-028,,,T1,laptopA,1,FILKOM EVENT,c0:c7:0a:58:34:12,2412,1,2.4,20,-65.0,,0,29.0,WPA2-Personal,capable,"ruangan kosong, scan di dalam ruangan"
2026-10-05T10:16:46,4,L4-028,,,T1,laptopA,1,WiFi-UB.x,00:e6:3a:50:e7:4c,5200,40,5,20,-87.0,,4,14.9,WPA2/3-Enterprise,capable,"ruangan kosong, scan di dalam ruangan"
2026-10-05T10:16:46,4,L4-028,,,T1,laptopA,1,eduroam,c0:c7:0a:58:34:10,2412,1,2.4,20,-65.0,,0,29.0,WPA2/3-Enterprise,capable,"ruangan kosong, scan di dalam ruangan"
2026-10-05T10:16:46,4,L4-028,,,T1,laptopA,1,WiFi-UB.x,c0:c7:0a:58:34:d2,2462,11,2.4,20,-77.0,,4,43.9,WPA2/3-Enterprise,capable,"ruangan kosong, scan di dalam ruangan"
2026-10-05T10:16:46,4,L4-028,,,T1,laptopA,1,Bluebook,fa:5b:0c:5d:54:c3,2412,1,2.4,20,-89.0,,,,WPA2-Personal,no,"ruangan kosong, scan di dalam ruangan"
2026-10-05T10:16:46,4,L4-028,,,T1,laptopA,1,WiFi-UB.x,c0:c7:0a:98:34:11,5220,44,5,20,-57.0,,9,20.0,WPA2/3-Enterprise,capable,"ruangan kosong, scan di dalam ruangan"
2026-10-05T10:16:46,4,L4-028,,,T1,laptopA,1,"3x - 16 = 20, x = ?",62:20:00:37:ba:e1,2462,11,2.4,20,-67.0,,,,WPA2/WPA3-Personal,capable,"ruangan kosong, scan di dalam ruangan"
2026-10-05T10:16:46,4,L4-028,,,T1,laptopA,1,FILKOM EVENT,c0:c7:0a:98:38:b2,5805,161,5,20,-71.0,,0,64.3,WPA2-Personal,capable,"ruangan kosong, scan di dalam ruangan"
2026-10-05T10:16:46,4,L4-028,,,T1,laptopA,1,WiFi-UB.x,c0:c7:0a:98:38:b1,5805,161,5,20,-52.0,,11,74.9,WPA2/3-Enterprise,capable,"ruangan kosong, scan di dalam ruangan"
2026-10-05T10:16:46,4,L4-028,,,T1,laptopA,1,WiFi-UB.x,c0:c7:0a:58:34:11,2412,1,2.4,20,-64.0,,0,29.0,WPA2/3-Enterprise,capable,"ruangan kosong, scan di dalam ruangan"
2026-10-05T10:16:55,4,L4-028,,,T1,laptopA,2,WiFi-UB.x,c0:c7:0a:98:3a:52,5180,36,5,20,-49.0,,42,63.9,WPA2/3-Enterprise,capable,"ruangan kosong, scan di dalam ruangan"
2026-10-05T10:16:55,4,L4-028,,,T1,laptopA,2,FILKOM EVENT,c0:c7:0a:98:3a:51,5180,36,5,20,-52.0,,3,63.9,WPA2-Personal,capable,"ruangan kosong, scan di dalam ruangan"
2026-10-05T10:16:55,4,L4-028,,,T1,laptopA,2,eduroam,c0:c7:0a:98:3a:50,5180,36,5,20,-49.0,,6,63.9,WPA2/3-Enterprise,capable,"ruangan kosong, scan di dalam ruangan"
2026-10-05T10:16:55,4,L4-028,,,T1,laptopA,2,FKUB_HotSpot_Backup,b4:79:c8:ee:45:dc,5745,149,5,40,-91.0,,0,7.8,WPA2-Personal,no,"ruangan kosong, scan di dalam ruangan"
2026-10-05T10:16:55,4,L4-028,,,T1,laptopA,2,eduroam,b4:79:c8:6e:45:dc,5745,149,5,40,-90.0,,3,7.8,WPA2/3-Enterprise,no,"ruangan kosong, scan di dalam ruangan"
2026-10-05T10:16:55,4,L4-028,,,T1,laptopA,2,WiFi-UB.x,c0:c7:0a:98:34:d1,5765,153,5,20,-65.0,,25,67.1,WPA2/3-Enterprise,capable,"ruangan kosong, scan di dalam ruangan"
2026-10-05T10:16:55,4,L4-028,,,T1,laptopA,2,Hello World!,da:dc:e6:e3:be:97,2462,11,2.4,20,-71.0,,,,WPA2-Personal,no,"ruangan kosong, scan di dalam ruangan"
2026-10-05T10:16:55,4,L4-028,,,T1,laptopA,2,WiFi-UB.x,b4:79:c8:ae:45:dc,5745,149,5,40,-89.0,,10,7.8,WPA2/3-Enterprise,no,"ruangan kosong, scan di dalam ruangan"
2026-10-05T10:16:55,4,L4-028,,,T1,laptopA,2,WifiUB lagi jelek yah :0,42:7e:d9:37:a5:b4,2412,1,2.4,20,-89.0,,,,WPA2-Personal,no,"ruangan kosong, scan di dalam ruangan"
2026-10-05T10:16:55,4,L4-028,,,T1,laptopA,2,eduroam,00:e6:3a:10:e7:4c,5200,40,5,20,-88.0,,2,14.9,WPA2/3-Enterprise,capable,"ruangan kosong, scan di dalam ruangan"
2026-10-05T10:16:55,4,L4-028,,,T1,laptopA,2,LAB_RES,4c:bb:58:f7:f3:8f,2462,11,2.4,20,-90.0,,,,WPA2-Personal,no,"ruangan kosong, scan di dalam ruangan"
2026-10-05T10:16:55,4,L4-028,,,T1,laptopA,2,WiFi-UB.x,e8:10:98:82:0b:20,5220,44,5,40,-90.0,,,,WPA2/3-Enterprise,no,"ruangan kosong, scan di dalam ruangan"
2026-10-05T10:16:55,4,L4-028,,,T1,laptopA,2,FILKOM EVENT,e8:10:98:82:0b:23,5220,44,5,40,-88.0,,,,WPA2-Personal,no,"ruangan kosong, scan di dalam ruangan"
2026-10-05T10:16:55,4,L4-028,,,T1,laptopA,2,eduroam,28:b3:71:ab:d3:90,5240,48,5,20,-89.0,,7,23.5,WPA2/3-Enterprise,capable,"ruangan kosong, scan di dalam ruangan"
2026-10-05T10:16:55,4,L4-028,,,T1,laptopA,2,FILKOM EVENT,e8:10:98:82:0b:43,5805,161,5,40,-91.0,,,,WPA2-Personal,no,"ruangan kosong, scan di dalam ruangan"
2026-10-05T10:16:55,4,L4-028,,,T1,laptopA,2,FILKOM EVENT,00:e6:3a:50:e6:18,2412,1,2.4,20,-79.0,,4,92.2,WPA2-Personal,capable,"ruangan kosong, scan di dalam ruangan"
2026-10-05T10:16:55,4,L4-028,,,T1,laptopA,2,WiFi-UB.x,00:e6:3a:90:e6:18,2412,1,2.4,20,-81.0,,3,89.4,WPA2/3-Enterprise,capable,"ruangan kosong, scan di dalam ruangan"
2026-10-05T10:16:55,4,L4-028,,,T1,laptopA,2,eduroam,00:e6:3a:10:e6:18,2412,1,2.4,20,-81.0,,0,91.8,WPA2/3-Enterprise,capable,"ruangan kosong, scan di dalam ruangan"
2026-10-05T10:16:55,4,L4-028,,,T1,laptopA,2,FILKOM EVENT,00:e6:3a:91:03:4c,5240,48,5,20,-85.0,,0,19.2,WPA2-Personal,capable,"ruangan kosong, scan di dalam ruangan"
2026-10-05T10:16:55,4,L4-028,,,T1,laptopA,2,eduroam,c0:c7:0a:58:34:d0,2462,11,2.4,20,-77.0,,0,43.9,WPA2/3-Enterprise,capable,"ruangan kosong, scan di dalam ruangan"
2026-10-05T10:16:55,4,L4-028,,,T1,laptopA,2,WiFi-UB.x,00:e6:3a:51:03:4c,5240,48,5,20,-84.0,,2,19.2,WPA2/3-Enterprise,capable,"ruangan kosong, scan di dalam ruangan"
2026-10-05T10:16:55,4,L4-028,,,T1,laptopA,2,eduroam,00:e6:3a:11:03:4c,5240,48,5,20,-88.0,,1,18.0,WPA2/3-Enterprise,capable,"ruangan kosong, scan di dalam ruangan"
2026-10-05T10:16:55,4,L4-028,,,T1,laptopA,2,eduroam,c0:c7:0a:98:34:d0,5765,153,5,20,-68.0,,4,61.6,WPA2/3-Enterprise,capable,"ruangan kosong, scan di dalam ruangan"
2026-10-05T10:16:55,4,L4-028,,,T1,laptopA,2,FILKOM EVENT,c0:c7:0a:98:34:12,5220,44,5,20,-52.0,,0,22.0,WPA2-Personal,capable,"ruangan kosong, scan di dalam ruangan"
2026-10-05T10:16:55,4,L4-028,,,T1,laptopA,2,eduroam,c0:c7:0a:98:38:b0,5805,161,5,20,-42.0,,2,72.2,WPA2/3-Enterprise,capable,"ruangan kosong, scan di dalam ruangan"
2026-10-05T10:16:55,4,L4-028,,,T1,laptopA,2,FILKOM EVENT,c0:c7:0a:98:34:d2,5765,153,5,20,-69.0,,3,61.6,WPA2-Personal,capable,"ruangan kosong, scan di dalam ruangan"
2026-10-05T10:16:55,4,L4-028,,,T1,laptopA,2,eduroam,c0:c7:0a:98:34:10,5220,44,5,20,-51.0,,1,22.0,WPA2/3-Enterprise,capable,"ruangan kosong, scan di dalam ruangan"
2026-10-05T10:16:55,4,L4-028,,,T1,laptopA,2,FILKOM EVENT,c0:c7:0a:58:34:12,2412,1,2.4,20,-65.0,,0,29.0,WPA2-Personal,capable,"ruangan kosong, scan di dalam ruangan"
2026-10-05T10:16:55,4,L4-028,,,T1,laptopA,2,WiFi-UB.x,00:e6:3a:50:e7:4c,5200,40,5,20,-87.0,,4,14.9,WPA2/3-Enterprise,capable,"ruangan kosong, scan di dalam ruangan"
2026-10-05T10:16:55,4,L4-028,,,T1,laptopA,2,eduroam,c0:c7:0a:58:34:10,2412,1,2.4,20,-65.0,,0,29.0,WPA2/3-Enterprise,capable,"ruangan kosong, scan di dalam ruangan"
2026-10-05T10:16:55,4,L4-028,,,T1,laptopA,2,WiFi-UB.x,c0:c7:0a:58:34:d2,2462,11,2.4,20,-77.0,,4,43.9,WPA2/3-Enterprise,capable,"ruangan kosong, scan di dalam ruangan"
2026-10-05T10:16:55,4,L4-028,,,T1,laptopA,2,Bluebook,fa:5b:0c:5d:54:c3,2412,1,2.4,20,-89.0,,,,WPA2-Personal,no,"ruangan kosong, scan di dalam ruangan"
2026-10-05T10:16:55,4,L4-028,,,T1,laptopA,2,WiFi-UB.x,c0:c7:0a:98:34:11,5220,44,5,20,-53.0,,11,22.0,WPA2/3-Enterprise,capable,"ruangan kosong, scan di dalam ruangan"
2026-10-05T10:16:55,4,L4-028,,,T1,laptopA,2,"3x - 16 = 20, x = ?",62:20:00:37:ba:e1,2462,11,2.4,20,-75.0,,,,WPA2/WPA3-Personal,capable,"ruangan kosong, scan di dalam ruangan"
2026-10-05T10:16:55,4,L4-028,,,T1,laptopA,2,FILKOM EVENT,c0:c7:0a:98:38:b2,5805,161,5,20,-42.0,,0,72.2,WPA2-Personal,capable,"ruangan kosong, scan di dalam ruangan"
2026-10-05T10:16:55,4,L4-028,,,T1,laptopA,2,WiFi-UB.x,c0:c7:0a:98:38:b1,5805,161,5,20,-42.0,,11,72.2,WPA2/3-Enterprise,capable,"ruangan kosong, scan di dalam ruangan"
2026-10-05T10:16:55,4,L4-028,,,T1,laptopA,2,WiFi-UB.x,c0:c7:0a:58:34:11,2412,1,2.4,20,-71.0,,0,33.3,WPA2/3-Enterprise,capable,"ruangan kosong, scan di dalam ruangan"
2026-10-05T10:17:04,4,L4-028,,,T1,laptopA,3,WiFi-UB.x,c0:c7:0a:98:3a:52,5180,36,5,20,-49.0,,42,63.9,WPA2/3-Enterprise,capable,"ruangan kosong, scan di dalam ruangan"
2026-10-05T10:17:04,4,L4-028,,,T1,laptopA,3,FILKOM EVENT,54:d7:e3:45:51:23,2462,11,2.4,20,-85.0,,,,WPA2-Personal,no,"ruangan kosong, scan di dalam ruangan"
2026-10-05T10:17:04,4,L4-028,,,T1,laptopA,3,FILKOM EVENT,c0:c7:0a:98:3a:51,5180,36,5,20,-52.0,,3,63.9,WPA2-Personal,capable,"ruangan kosong, scan di dalam ruangan"
2026-10-05T10:17:04,4,L4-028,,,T1,laptopA,3,eduroam,c0:c7:0a:98:3a:50,5180,36,5,20,-49.0,,6,63.9,WPA2/3-Enterprise,capable,"ruangan kosong, scan di dalam ruangan"
2026-10-05T10:17:04,4,L4-028,,,T1,laptopA,3,FKUB_HotSpot_Backup,b4:79:c8:ee:45:dc,5745,149,5,40,-91.0,,0,7.8,WPA2-Personal,no,"ruangan kosong, scan di dalam ruangan"
2026-10-05T10:17:04,4,L4-028,,,T1,laptopA,3,eduroam,b4:79:c8:6e:45:dc,5745,149,5,40,-90.0,,3,7.8,WPA2/3-Enterprise,no,"ruangan kosong, scan di dalam ruangan"
2026-10-05T10:17:04,4,L4-028,,,T1,laptopA,3,WiFi-UB.x,c0:c7:0a:98:34:d1,5765,153,5,20,-65.0,,25,67.1,WPA2/3-Enterprise,capable,"ruangan kosong, scan di dalam ruangan"
2026-10-05T10:17:04,4,L4-028,,,T1,laptopA,3,Hello World!,da:dc:e6:e3:be:97,2462,11,2.4,20,-80.0,,,,WPA2-Personal,no,"ruangan kosong, scan di dalam ruangan"
2026-10-05T10:17:04,4,L4-028,,,T1,laptopA,3,WiFi-UB.x,b4:79:c8:ae:45:dc,5745,149,5,40,-89.0,,10,7.8,WPA2/3-Enterprise,no,"ruangan kosong, scan di dalam ruangan"
2026-10-05T10:17:04,4,L4-028,,,T1,laptopA,3,WifiUB lagi jelek yah :0,42:7e:d9:37:a5:b4,2412,1,2.4,20,-89.0,,,,WPA2-Personal,no,"ruangan kosong, scan di dalam ruangan"
2026-10-05T10:17:04,4,L4-028,,,T1,laptopA,3,eduroam,00:e6:3a:10:e7:4c,5200,40,5,20,-88.0,,2,14.9,WPA2/3-Enterprise,capable,"ruangan kosong, scan di dalam ruangan"
2026-10-05T10:17:04,4,L4-028,,,T1,laptopA,3,LAB_RES,4c:bb:58:f7:f3:8f,2462,11,2.4,20,-90.0,,,,WPA2-Personal,no,"ruangan kosong, scan di dalam ruangan"
2026-10-05T10:17:04,4,L4-028,,,T1,laptopA,3,WiFi-UB.x,00:e6:3a:90:e6:18,2412,1,2.4,20,-81.0,,3,89.4,WPA2/3-Enterprise,capable,"ruangan kosong, scan di dalam ruangan"
2026-10-05T10:17:04,4,L4-028,,,T1,laptopA,3,eduroam,00:e6:3a:10:e6:18,2412,1,2.4,20,-81.0,,0,91.8,WPA2/3-Enterprise,capable,"ruangan kosong, scan di dalam ruangan"
2026-10-05T10:17:04,4,L4-028,,,T1,laptopA,3,FILKOM EVENT,00:e6:3a:91:03:4c,5240,48,5,20,-84.0,,0,39.6,WPA2-Personal,capable,"ruangan kosong, scan di dalam ruangan"
2026-10-05T10:17:04,4,L4-028,,,T1,laptopA,3,eduroam,c0:c7:0a:58:34:d0,2462,11,2.4,20,-77.0,,0,43.9,WPA2/3-Enterprise,capable,"ruangan kosong, scan di dalam ruangan"
2026-10-05T10:17:04,4,L4-028,,,T1,laptopA,3,WiFi-UB.x,00:e6:3a:51:03:4c,5240,48,5,20,-83.0,,2,39.6,WPA2/3-Enterprise,capable,"ruangan kosong, scan di dalam ruangan"
2026-10-05T10:17:04,4,L4-028,,,T1,laptopA,3,eduroam,00:e6:3a:11:03:4c,5240,48,5,20,-84.0,,1,39.6,WPA2/3-Enterprise,capable,"ruangan kosong, scan di dalam ruangan"
2026-10-05T10:17:04,4,L4-028,,,T1,laptopA,3,eduroam,c0:c7:0a:98:34:d0,5765,153,5,20,-72.0,,5,68.2,WPA2/3-Enterprise,capable,"ruangan kosong, scan di dalam ruangan"
2026-10-05T10:17:04,4,L4-028,,,T1,laptopA,3,FILKOM EVENT,c0:c7:0a:98:34:12,5220,44,5,20,-59.0,,0,40.8,WPA2-Personal,capable,"ruangan kosong, scan di dalam ruangan"
2026-10-05T10:17:04,4,L4-028,,,T1,laptopA,3,eduroam,c0:c7:0a:98:38:b0,5805,161,5,20,-49.0,,1,72.9,WPA2/3-Enterprise,capable,"ruangan kosong, scan di dalam ruangan"
2026-10-05T10:17:04,4,L4-028,,,T1,laptopA,3,FILKOM EVENT,c0:c7:0a:98:34:d2,5765,153,5,20,-73.0,,3,68.2,WPA2-Personal,capable,"ruangan kosong, scan di dalam ruangan"
2026-10-05T10:17:04,4,L4-028,,,T1,laptopA,3,eduroam,c0:c7:0a:98:34:10,5220,44,5,20,-58.0,,1,40.8,WPA2/3-Enterprise,capable,"ruangan kosong, scan di dalam ruangan"
2026-10-05T10:17:04,4,L4-028,,,T1,laptopA,3,FILKOM EVENT,c0:c7:0a:58:34:12,2412,1,2.4,20,-69.0,,0,31.4,WPA2-Personal,capable,"ruangan kosong, scan di dalam ruangan"
2026-10-05T10:17:04,4,L4-028,,,T1,laptopA,3,WiFi-UB.x,00:e6:3a:50:e7:4c,5200,40,5,20,-87.0,,4,14.9,WPA2/3-Enterprise,capable,"ruangan kosong, scan di dalam ruangan"
2026-10-05T10:17:04,4,L4-028,,,T1,laptopA,3,eduroam,c0:c7:0a:58:34:10,2412,1,2.4,20,-67.0,,0,31.4,WPA2/3-Enterprise,capable,"ruangan kosong, scan di dalam ruangan"
2026-10-05T10:17:04,4,L4-028,,,T1,laptopA,3,WiFi-UB.x,c0:c7:0a:58:34:d2,2462,11,2.4,20,-77.0,,4,43.9,WPA2/3-Enterprise,capable,"ruangan kosong, scan di dalam ruangan"
2026-10-05T10:17:04,4,L4-028,,,T1,laptopA,3,Bluebook,fa:5b:0c:5d:54:c3,2412,1,2.4,20,-89.0,,,,WPA2-Personal,no,"ruangan kosong, scan di dalam ruangan"
2026-10-05T10:17:04,4,L4-028,,,T1,laptopA,3,WiFi-UB.x,c0:c7:0a:98:34:11,5220,44,5,20,-57.0,,10,40.8,WPA2/3-Enterprise,capable,"ruangan kosong, scan di dalam ruangan"
2026-10-05T10:17:04,4,L4-028,,,T1,laptopA,3,"3x - 16 = 20, x = ?",62:20:00:37:ba:e1,2462,11,2.4,20,-67.0,,,,WPA2/WPA3-Personal,capable,"ruangan kosong, scan di dalam ruangan"
2026-10-05T10:17:04,4,L4-028,,,T1,laptopA,3,FILKOM EVENT,c0:c7:0a:98:38:b2,5805,161,5,20,-50.0,,0,72.9,WPA2-Personal,capable,"ruangan kosong, scan di dalam ruangan"
2026-10-05T10:17:04,4,L4-028,,,T1,laptopA,3,WiFi-UB.x,c0:c7:0a:98:38:b1,5805,161,5,20,-49.0,,12,72.9,WPA2/3-Enterprise,capable,"ruangan kosong, scan di dalam ruangan"
2026-10-05T10:17:04,4,L4-028,,,T1,laptopA,3,WiFi-UB.x,c0:c7:0a:58:34:11,2412,1,2.4,20,-68.0,,0,31.4,WPA2/3-Enterprise,capable,"ruangan kosong, scan di dalam ruangan"
2026-10-05T10:18:21,4,L4-023,,,T1,laptopA,1,eduroam,56:d9:e7:fb:08:f8,2412,1,2.4,20,-81.0,,0,65.5,WPA2/3-Enterprise,no,"ruangan kosong, scan di dalam ruangan"
2026-10-05T10:18:21,4,L4-023,,,T1,laptopA,1,WiFi-UB.x,c0:c7:0a:98:3a:52,5180,36,5,20,-52.0,,40,62.0,WPA2/3-Enterprise,capable,"ruangan kosong, scan di dalam ruangan"
2026-10-05T10:18:21,4,L4-023,,,T1,laptopA,1,FILKOM EVENT,54:d7:e3:45:51:23,2462,11,2.4,20,-85.0,,,,WPA2-Personal,no,"ruangan kosong, scan di dalam ruangan"
2026-10-05T10:18:21,4,L4-023,,,T1,laptopA,1,FEB-UB,80:03:84:99:07:38,2462,11,2.4,20,-79.0,,3,49.4,WPA2-Personal,capable,"ruangan kosong, scan di dalam ruangan"
2026-10-05T10:18:21,4,L4-023,,,T1,laptopA,1,FILKOM EVENT,c0:c7:0a:98:3a:51,5180,36,5,20,-52.0,,3,63.9,WPA2-Personal,capable,"ruangan kosong, scan di dalam ruangan"
2026-10-05T10:18:21,4,L4-023,,,T1,laptopA,1,eduroam,c0:c7:0a:98:3a:50,5180,36,5,20,-49.0,,6,63.9,WPA2/3-Enterprise,capable,"ruangan kosong, scan di dalam ruangan"
2026-10-05T10:18:21,4,L4-023,,,T1,laptopA,1,FKUB_HotSpot_Backup,b4:79:c8:ee:45:dc,5745,149,5,40,-91.0,,0,7.8,WPA2-Personal,no,"ruangan kosong, scan di dalam ruangan"
2026-10-05T10:18:21,4,L4-023,,,T1,laptopA,1,eduroam,b4:79:c8:6e:45:dc,5745,149,5,40,-90.0,,3,7.8,WPA2/3-Enterprise,no,"ruangan kosong, scan di dalam ruangan"
2026-10-05T10:18:21,4,L4-023,,,T1,laptopA,1,WiFi-UB.x,c0:c7:0a:98:34:d1,5765,153,5,20,-65.0,,25,67.1,WPA2/3-Enterprise,capable,"ruangan kosong, scan di dalam ruangan"
2026-10-05T10:18:21,4,L4-023,,,T1,laptopA,1,Hello World!,da:dc:e6:e3:be:97,2462,11,2.4,20,-80.0,,,,WPA2-Personal,no,"ruangan kosong, scan di dalam ruangan"
2026-10-05T10:18:21,4,L4-023,,,T1,laptopA,1,WiFi-UB.x,b4:79:c8:ae:45:dc,5745,149,5,40,-89.0,,10,7.8,WPA2/3-Enterprise,no,"ruangan kosong, scan di dalam ruangan"
2026-10-05T10:18:21,4,L4-023,,,T1,laptopA,1,WifiUB lagi jelek yah :0,42:7e:d9:37:a5:b4,2412,1,2.4,20,-89.0,,,,WPA2-Personal,no,"ruangan kosong, scan di dalam ruangan"
2026-10-05T10:18:21,4,L4-023,,,T1,laptopA,1,WiFi-UB.x,00:e6:3a:90:e6:18,2412,1,2.4,20,-84.0,,3,58.8,WPA2/3-Enterprise,capable,"ruangan kosong, scan di dalam ruangan"
2026-10-05T10:18:21,4,L4-023,,,T1,laptopA,1,FILKOM EVENT,00:e6:3a:91:03:4c,5240,48,5,20,-84.0,,0,39.6,WPA2-Personal,capable,"ruangan kosong, scan di dalam ruangan"
2026-10-05T10:18:21,4,L4-023,,,T1,laptopA,1,eduroam,c0:c7:0a:58:34:d0,2462,11,2.4,20,-77.0,,0,43.9,WPA2/3-Enterprise,capable,"ruangan kosong, scan di dalam ruangan"
2026-10-05T10:18:21,4,L4-023,,,T1,laptopA,1,WiFi-UB.x,00:e6:3a:51:03:4c,5240,48,5,20,-83.0,,2,39.6,WPA2/3-Enterprise,capable,"ruangan kosong, scan di dalam ruangan"
2026-10-05T10:18:21,4,L4-023,,,T1,laptopA,1,eduroam,00:e6:3a:11:03:4c,5240,48,5,20,-84.0,,1,39.6,WPA2/3-Enterprise,capable,"ruangan kosong, scan di dalam ruangan"
2026-10-05T10:18:21,4,L4-023,,,T1,laptopA,1,eduroam,c0:c7:0a:98:34:d0,5765,153,5,20,-72.0,,5,68.2,WPA2/3-Enterprise,capable,"ruangan kosong, scan di dalam ruangan"
2026-10-05T10:18:21,4,L4-023,,,T1,laptopA,1,FILKOM EVENT,c0:c7:0a:98:34:12,5220,44,5,20,-66.0,,0,26.3,WPA2-Personal,capable,"ruangan kosong, scan di dalam ruangan"
2026-10-05T10:18:21,4,L4-023,,,T1,laptopA,1,eduroam,c0:c7:0a:98:38:b0,5805,161,5,20,-57.0,,2,55.7,WPA2/3-Enterprise,capable,"ruangan kosong, scan di dalam ruangan"
2026-10-05T10:18:21,4,L4-023,,,T1,laptopA,1,FILKOM EVENT,c0:c7:0a:98:34:d2,5765,153,5,20,-73.0,,3,68.2,WPA2-Personal,capable,"ruangan kosong, scan di dalam ruangan"
2026-10-05T10:18:21,4,L4-023,,,T1,laptopA,1,eduroam,c0:c7:0a:98:34:10,5220,44,5,20,-65.0,,1,26.3,WPA2/3-Enterprise,capable,"ruangan kosong, scan di dalam ruangan"
2026-10-05T10:18:21,4,L4-023,,,T1,laptopA,1,FILKOM EVENT,c0:c7:0a:58:34:12,2412,1,2.4,20,-80.0,,0,27.1,WPA2-Personal,capable,"ruangan kosong, scan di dalam ruangan"
2026-10-05T10:18:21,4,L4-023,,,T1,laptopA,1,eduroam,c0:c7:0a:58:34:10,2412,1,2.4,20,-79.0,,1,27.1,WPA2/3-Enterprise,capable,"ruangan kosong, scan di dalam ruangan"
2026-10-05T10:18:21,4,L4-023,,,T1,laptopA,1,WiFi-UB.x,c0:c7:0a:58:34:d2,2462,11,2.4,20,-77.0,,4,43.9,WPA2/3-Enterprise,capable,"ruangan kosong, scan di dalam ruangan"
2026-10-05T10:18:21,4,L4-023,,,T1,laptopA,1,Bluebook,fa:5b:0c:5d:54:c3,2412,1,2.4,20,-89.0,,,,WPA2-Personal,no,"ruangan kosong, scan di dalam ruangan"
2026-10-05T10:18:21,4,L4-023,,,T1,laptopA,1,WiFi-UB.x,c0:c7:0a:98:34:11,5220,44,5,20,-62.0,,10,26.3,WPA2/3-Enterprise,capable,"ruangan kosong, scan di dalam ruangan"
2026-10-05T10:18:21,4,L4-023,,,T1,laptopA,1,"3x - 16 = 20, x = ?",62:20:00:37:ba:e1,2462,11,2.4,20,-79.0,,,,WPA2/WPA3-Personal,capable,"ruangan kosong, scan di dalam ruangan"
2026-10-05T10:18:21,4,L4-023,,,T1,laptopA,1,FILKOM EVENT,c0:c7:0a:98:38:b2,5805,161,5,20,-58.0,,0,55.7,WPA2-Personal,capable,"ruangan kosong, scan di dalam ruangan"
2026-10-05T10:18:21,4,L4-023,,,T1,laptopA,1,WiFi-UB.x,c0:c7:0a:98:38:b1,5805,161,5,20,-57.0,,13,55.7,WPA2/3-Enterprise,capable,"ruangan kosong, scan di dalam ruangan"
2026-10-05T10:18:21,4,L4-023,,,T1,laptopA,1,WiFi-UB.x,c0:c7:0a:58:34:11,2412,1,2.4,20,-79.0,,1,27.1,WPA2/3-Enterprise,capable,"ruangan kosong, scan di dalam ruangan"
2026-10-05T10:18:30,4,L4-023,,,T1,laptopA,2,eduroam,56:d9:e7:fb:08:f8,2412,1,2.4,20,-81.0,,0,65.5,WPA2/3-Enterprise,no,"ruangan kosong, scan di dalam ruangan"
2026-10-05T10:18:30,4,L4-023,,,T1,laptopA,2,WiFi-UB.x,c0:c7:0a:98:3a:52,5180,36,5,20,-52.0,,40,62.0,WPA2/3-Enterprise,capable,"ruangan kosong, scan di dalam ruangan"
2026-10-05T10:18:30,4,L4-023,,,T1,laptopA,2,FILKOM EVENT,54:d7:e3:45:51:23,2462,11,2.4,20,-85.0,,,,WPA2-Personal,no,"ruangan kosong, scan di dalam ruangan"
2026-10-05T10:18:30,4,L4-023,,,T1,laptopA,2,FEB-UB,80:03:84:99:07:38,2462,11,2.4,20,-79.0,,3,49.4,WPA2-Personal,capable,"ruangan kosong, scan di dalam ruangan"
2026-10-05T10:18:30,4,L4-023,,,T1,laptopA,2,FILKOM EVENT,c0:c7:0a:98:3a:51,5180,36,5,20,-52.0,,3,63.9,WPA2-Personal,capable,"ruangan kosong, scan di dalam ruangan"
2026-10-05T10:18:30,4,L4-023,,,T1,laptopA,2,eduroam,c0:c7:0a:98:3a:50,5180,36,5,20,-52.0,,6,67.8,WPA2/3-Enterprise,capable,"ruangan kosong, scan di dalam ruangan"
2026-10-05T10:18:30,4,L4-023,,,T1,laptopA,2,FKUB_HotSpot_Backup,b4:79:c8:ee:45:dc,5745,149,5,40,-91.0,,0,7.8,WPA2-Personal,no,"ruangan kosong, scan di dalam ruangan"
2026-10-05T10:18:30,4,L4-023,,,T1,laptopA,2,eduroam,b4:79:c8:6e:45:dc,5745,149,5,40,-90.0,,3,7.8,WPA2/3-Enterprise,no,"ruangan kosong, scan di dalam ruangan"
2026-10-05T10:18:30,4,L4-023,,,T1,laptopA,2,WiFi-UB.x,c0:c7:0a:98:34:d1,5765,153,5,20,-65.0,,25,67.1,WPA2/3-Enterprise,capable,"ruangan kosong, scan di dalam ruangan"
2026-10-05T10:18:30,4,L4-023,,,T1,laptopA,2,Hello World!,da:dc:e6:e3:be:97,2462,11,2.4,20,-80.0,,,,WPA2-Personal,no,"ruangan kosong, scan di dalam ruangan"
2026-10-05T10:18:30,4,L4-023,,,T1,laptopA,2,WiFi-UB.x,b4:79:c8:ae:45:dc,5745,149,5,40,-89.0,,10,7.8,WPA2/3-Enterprise,no,"ruangan kosong, scan di dalam ruangan"
2026-10-05T10:18:30,4,L4-023,,,T1,laptopA,2,WifiUB lagi jelek yah :0,42:7e:d9:37:a5:b4,2412,1,2.4,20,-89.0,,,,WPA2-Personal,no,"ruangan kosong, scan di dalam ruangan"
2026-10-05T10:18:30,4,L4-023,,,T1,laptopA,2,WiFi-UB.x,00:e6:3a:90:e6:18,2412,1,2.4,20,-84.0,,3,58.8,WPA2/3-Enterprise,capable,"ruangan kosong, scan di dalam ruangan"
2026-10-05T10:18:30,4,L4-023,,,T1,laptopA,2,FILKOM EVENT,00:e6:3a:91:03:4c,5240,48,5,20,-84.0,,0,39.6,WPA2-Personal,capable,"ruangan kosong, scan di dalam ruangan"
2026-10-05T10:18:30,4,L4-023,,,T1,laptopA,2,eduroam,c0:c7:0a:58:34:d0,2462,11,2.4,20,-87.0,,0,45.9,WPA2/3-Enterprise,capable,"ruangan kosong, scan di dalam ruangan"
2026-10-05T10:18:30,4,L4-023,,,T1,laptopA,2,WiFi-UB.x,00:e6:3a:51:03:4c,5240,48,5,20,-83.0,,2,39.6,WPA2/3-Enterprise,capable,"ruangan kosong, scan di dalam ruangan"
2026-10-05T10:18:30,4,L4-023,,,T1,laptopA,2,eduroam,00:e6:3a:11:03:4c,5240,48,5,20,-84.0,,1,39.6,WPA2/3-Enterprise,capable,"ruangan kosong, scan di dalam ruangan"
2026-10-05T10:18:30,4,L4-023,,,T1,laptopA,2,eduroam,c0:c7:0a:98:34:d0,5765,153,5,20,-77.0,,4,54.1,WPA2/3-Enterprise,capable,"ruangan kosong, scan di dalam ruangan"
2026-10-05T10:18:30,4,L4-023,,,T1,laptopA,2,FILKOM EVENT,c0:c7:0a:98:34:12,5220,44,5,20,-65.0,,0,25.9,WPA2-Personal,capable,"ruangan kosong, scan di dalam ruangan"
2026-10-05T10:18:30,4,L4-023,,,T1,laptopA,2,eduroam,c0:c7:0a:98:38:b0,5805,161,5,20,-55.0,,2,63.9,WPA2/3-Enterprise,capable,"ruangan kosong, scan di dalam ruangan"
2026-10-05T10:18:30,4,L4-023,,,T1,laptopA,2,FILKOM EVENT,c0:c7:0a:98:34:d2,5765,153,5,20,-78.0,,4,54.1,WPA2-Personal,capable,"ruangan kosong, scan di dalam ruangan"
2026-10-05T10:18:30,4,L4-023,,,T1,laptopA,2,eduroam,c0:c7:0a:98:34:10,5220,44,5,20,-64.0,,1,25.9,WPA2/3-Enterprise,capable,"ruangan kosong, scan di dalam ruangan"
2026-10-05T10:18:30,4,L4-023,,,T1,laptopA,2,FILKOM EVENT,c0:c7:0a:58:34:12,2412,1,2.4,20,-76.0,,0,19.6,WPA2-Personal,capable,"ruangan kosong, scan di dalam ruangan"
2026-10-05T10:18:30,4,L4-023,,,T1,laptopA,2,eduroam,c0:c7:0a:58:34:10,2412,1,2.4,20,-74.0,,1,19.6,WPA2/3-Enterprise,capable,"ruangan kosong, scan di dalam ruangan"
2026-10-05T10:18:30,4,L4-023,,,T1,laptopA,2,WiFi-UB.x,c0:c7:0a:58:34:d2,2462,11,2.4,20,-77.0,,4,43.9,WPA2/3-Enterprise,capable,"ruangan kosong, scan di dalam ruangan"
2026-10-05T10:18:30,4,L4-023,,,T1,laptopA,2,Bluebook,fa:5b:0c:5d:54:c3,2412,1,2.4,20,-89.0,,,,WPA2-Personal,no,"ruangan kosong, scan di dalam ruangan"
2026-10-05T10:18:30,4,L4-023,,,T1,laptopA,2,WiFi-UB.x,c0:c7:0a:98:34:11,5220,44,5,20,-61.0,,10,25.9,WPA2/3-Enterprise,capable,"ruangan kosong, scan di dalam ruangan"
2026-10-05T10:18:30,4,L4-023,,,T1,laptopA,2,"3x - 16 = 20, x = ?",62:20:00:37:ba:e1,2462,11,2.4,20,-83.0,,,,WPA2/WPA3-Personal,capable,"ruangan kosong, scan di dalam ruangan"
2026-10-05T10:18:30,4,L4-023,,,T1,laptopA,2,FILKOM EVENT,c0:c7:0a:98:38:b2,5805,161,5,20,-56.0,,0,63.9,WPA2-Personal,capable,"ruangan kosong, scan di dalam ruangan"
2026-10-05T10:18:30,4,L4-023,,,T1,laptopA,2,WiFi-UB.x,c0:c7:0a:98:38:b1,5805,161,5,20,-55.0,,13,63.9,WPA2/3-Enterprise,capable,"ruangan kosong, scan di dalam ruangan"
2026-10-05T10:18:30,4,L4-023,,,T1,laptopA,2,WiFi-UB.x,c0:c7:0a:58:34:11,2412,1,2.4,20,-75.0,,1,19.6,WPA2/3-Enterprise,capable,"ruangan kosong, scan di dalam ruangan"
2026-10-05T10:18:39,4,L4-023,,,T1,laptopA,3,WiFi-UB.x,46:d9:e7:fb:08:f8,2412,1,2.4,20,-91.0,,0,58.8,WPA2/3-Enterprise,no,"ruangan kosong, scan di dalam ruangan"
2026-10-05T10:18:39,4,L4-023,,,T1,laptopA,3,eduroam,56:d9:e7:fb:08:f8,2412,1,2.4,20,-81.0,,0,65.5,WPA2/3-Enterprise,no,"ruangan kosong, scan di dalam ruangan"
2026-10-05T10:18:39,4,L4-023,,,T1,laptopA,3,WiFi-UB.x,c0:c7:0a:98:3a:52,5180,36,5,20,-52.0,,40,62.0,WPA2/3-Enterprise,capable,"ruangan kosong, scan di dalam ruangan"
2026-10-05T10:18:39,4,L4-023,,,T1,laptopA,3,FILKOM EVENT,54:d7:e3:45:51:23,2462,11,2.4,20,-85.0,,,,WPA2-Personal,no,"ruangan kosong, scan di dalam ruangan"
2026-10-05T10:18:39,4,L4-023,,,T1,laptopA,3,FEB-UB,80:03:84:99:07:38,2462,11,2.4,20,-79.0,,3,49.4,WPA2-Personal,capable,"ruangan kosong, scan di dalam ruangan"
2026-10-05T10:18:39,4,L4-023,,,T1,laptopA,3,FILKOM EVENT,c0:c7:0a:98:3a:51,5180,36,5,20,-52.0,,3,63.9,WPA2-Personal,capable,"ruangan kosong, scan di dalam ruangan"
2026-10-05T10:18:39,4,L4-023,,,T1,laptopA,3,Recover.Me-0B3DA0,c8:a6:08:4b:3d:af,2462,11,2.4,20,-88.0,,0,45.5,WPA2-Personal,no,"ruangan kosong, scan di dalam ruangan"
2026-10-05T10:18:39,4,L4-023,,,T1,laptopA,3,eduroam,c0:c7:0a:98:3a:50,5180,36,5,20,-52.0,,6,67.8,WPA2/3-Enterprise,capable,"ruangan kosong, scan di dalam ruangan"
2026-10-05T10:18:39,4,L4-023,,,T1,laptopA,3,FKUB_HotSpot_Backup,b4:79:c8:ee:45:dc,5745,149,5,40,-91.0,,0,7.8,WPA2-Personal,no,"ruangan kosong, scan di dalam ruangan"
2026-10-05T10:18:39,4,L4-023,,,T1,laptopA,3,eduroam,b4:79:c8:6e:45:dc,5745,149,5,40,-90.0,,3,7.8,WPA2/3-Enterprise,no,"ruangan kosong, scan di dalam ruangan"
2026-10-05T10:18:39,4,L4-023,,,T1,laptopA,3,WiFi-UB.x,c0:c7:0a:98:34:d1,5765,153,5,20,-65.0,,25,67.1,WPA2/3-Enterprise,capable,"ruangan kosong, scan di dalam ruangan"
2026-10-05T10:18:39,4,L4-023,,,T1,laptopA,3,Hello World!,da:dc:e6:e3:be:97,2462,11,2.4,20,-85.0,,,,WPA2-Personal,no,"ruangan kosong, scan di dalam ruangan"
2026-10-05T10:18:39,4,L4-023,,,T1,laptopA,3,WiFi-UB.x,b4:79:c8:ae:45:dc,5745,149,5,40,-89.0,,10,7.8,WPA2/3-Enterprise,no,"ruangan kosong, scan di dalam ruangan"
2026-10-05T10:18:39,4,L4-023,,,T1,laptopA,3,WifiUB lagi jelek yah :0,42:7e:d9:37:a5:b4,2412,1,2.4,20,-89.0,,,,WPA2-Personal,no,"ruangan kosong, scan di dalam ruangan"
2026-10-05T10:18:39,4,L4-023,,,T1,laptopA,3,WiFi-UB.x,00:e6:3a:90:e6:18,2412,1,2.4,20,-85.0,,4,59.6,WPA2/3-Enterprise,capable,"ruangan kosong, scan di dalam ruangan"
2026-10-05T10:18:39,4,L4-023,,,T1,laptopA,3,FILKOM EVENT,00:e6:3a:91:03:4c,5240,48,5,20,-84.0,,0,39.6,WPA2-Personal,capable,"ruangan kosong, scan di dalam ruangan"
2026-10-05T10:18:39,4,L4-023,,,T1,laptopA,3,eduroam,c0:c7:0a:58:34:d0,2462,11,2.4,20,-87.0,,0,45.9,WPA2/3-Enterprise,capable,"ruangan kosong, scan di dalam ruangan"
2026-10-05T10:18:39,4,L4-023,,,T1,laptopA,3,WiFi-UB.x,00:e6:3a:51:03:4c,5240,48,5,20,-83.0,,2,39.6,WPA2/3-Enterprise,capable,"ruangan kosong, scan di dalam ruangan"
2026-10-05T10:18:39,4,L4-023,,,T1,laptopA,3,eduroam,00:e6:3a:11:03:4c,5240,48,5,20,-84.0,,1,39.6,WPA2/3-Enterprise,capable,"ruangan kosong, scan di dalam ruangan"
2026-10-05T10:18:39,4,L4-023,,,T1,laptopA,3,eduroam,c0:c7:0a:98:34:d0,5765,153,5,20,-77.0,,5,77.6,WPA2/3-Enterprise,capable,"ruangan kosong, scan di dalam ruangan"
2026-10-05T10:18:39,4,L4-023,,,T1,laptopA,3,FILKOM EVENT,c0:c7:0a:98:34:12,5220,44,5,20,-65.0,,0,25.9,WPA2-Personal,capable,"ruangan kosong, scan di dalam ruangan"
2026-10-05T10:18:39,4,L4-023,,,T1,laptopA,3,eduroam,c0:c7:0a:98:38:b0,5805,161,5,20,-54.0,,2,67.5,WPA2/3-Enterprise,capable,"ruangan kosong, scan di dalam ruangan"
2026-10-05T10:18:39,4,L4-023,,,T1,laptopA,3,FILKOM EVENT,c0:c7:0a:98:34:d2,5765,153,5,20,-78.0,,4,77.6,WPA2-Personal,capable,"ruangan kosong, scan di dalam ruangan"
2026-10-05T10:18:39,4,L4-023,,,T1,laptopA,3,eduroam,c0:c7:0a:98:34:10,5220,44,5,20,-64.0,,1,25.9,WPA2/3-Enterprise,capable,"ruangan kosong, scan di dalam ruangan"
2026-10-05T10:18:39,4,L4-023,,,T1,laptopA,3,FILKOM EVENT,c0:c7:0a:58:34:12,2412,1,2.4,20,-77.0,,0,27.5,WPA2-Personal,capable,"ruangan kosong, scan di dalam ruangan"
2026-10-05T10:18:39,4,L4-023,,,T1,laptopA,3,eduroam,c0:c7:0a:58:34:10,2412,1,2.4,20,-77.0,,1,27.5,WPA2/3-Enterprise,capable,"ruangan kosong, scan di dalam ruangan"
2026-10-05T10:18:39,4,L4-023,,,T1,laptopA,3,WiFi-UB.x,c0:c7:0a:58:34:d2,2462,11,2.4,20,-77.0,,4,43.9,WPA2/3-Enterprise,capable,"ruangan kosong, scan di dalam ruangan"
2026-10-05T10:18:39,4,L4-023,,,T1,laptopA,3,Bluebook,fa:5b:0c:5d:54:c3,2412,1,2.4,20,-89.0,,,,WPA2-Personal,no,"ruangan kosong, scan di dalam ruangan"
2026-10-05T10:18:39,4,L4-023,,,T1,laptopA,3,WiFi-UB.x,c0:c7:0a:98:34:11,5220,44,5,20,-63.0,,10,28.2,WPA2/3-Enterprise,capable,"ruangan kosong, scan di dalam ruangan"
2026-10-05T10:18:39,4,L4-023,,,T1,laptopA,3,"3x - 16 = 20, x = ?",62:20:00:37:ba:e1,2462,11,2.4,20,-78.0,,,,WPA2/WPA3-Personal,capable,"ruangan kosong, scan di dalam ruangan"
2026-10-05T10:18:39,4,L4-023,,,T1,laptopA,3,FILKOM EVENT,c0:c7:0a:98:38:b2,5805,161,5,20,-55.0,,0,67.5,WPA2-Personal,capable,"ruangan kosong, scan di dalam ruangan"
2026-10-05T10:18:39,4,L4-023,,,T1,laptopA,3,WiFi-UB.x,c0:c7:0a:98:38:b1,5805,161,5,20,-54.0,,15,67.5,WPA2/3-Enterprise,capable,"ruangan kosong, scan di dalam ruangan"
2026-10-05T10:18:39,4,L4-023,,,T1,laptopA,3,WiFi-UB.x,c0:c7:0a:58:34:11,2412,1,2.4,20,-77.0,,1,27.5,WPA2/3-Enterprise,capable,"ruangan kosong, scan di dalam ruangan"
2026-10-05T10:19:22,4,L4-024,,,T1,laptopA,1,myECO_IR,ca:2b:96:1c:d9:5c,2412,1,2.4,20,-85.0,,,,Open,no,di koridor
2026-10-05T10:19:22,4,L4-024,,,T1,laptopA,1,WiFi-UB.x,46:d9:e7:fb:08:f8,2412,1,2.4,20,-91.0,,0,58.8,WPA2/3-Enterprise,no,di koridor
2026-10-05T10:19:22,4,L4-024,,,T1,laptopA,1,eduroam,56:d9:e7:fb:08:f8,2412,1,2.4,20,-81.0,,0,65.5,WPA2/3-Enterprise,no,di koridor
2026-10-05T10:19:22,4,L4-024,,,T1,laptopA,1,WiFi-UB.x,c0:c7:0a:98:3a:52,5180,36,5,20,-52.0,,40,62.0,WPA2/3-Enterprise,capable,di koridor
2026-10-05T10:19:22,4,L4-024,,,T1,laptopA,1,FEB-UB,80:03:84:99:07:38,2462,11,2.4,20,-79.0,,3,49.4,WPA2-Personal,capable,di koridor
2026-10-05T10:19:22,4,L4-024,,,T1,laptopA,1,FILKOM EVENT,c0:c7:0a:98:3a:51,5180,36,5,20,-62.0,,3,63.9,WPA2-Personal,capable,di koridor
2026-10-05T10:19:22,4,L4-024,,,T1,laptopA,1,Recover.Me-0B3DA0,c8:a6:08:4b:3d:af,2462,11,2.4,20,-88.0,,0,45.5,WPA2-Personal,no,di koridor
2026-10-05T10:19:22,4,L4-024,,,T1,laptopA,1,eduroam,c0:c7:0a:98:3a:50,5180,36,5,20,-59.0,,5,63.9,WPA2/3-Enterprise,capable,di koridor
2026-10-05T10:19:22,4,L4-024,,,T1,laptopA,1,Hello World!,da:dc:e6:e3:be:97,2462,11,2.4,20,-85.0,,,,WPA2-Personal,no,di koridor
2026-10-05T10:19:22,4,L4-024,,,T1,laptopA,1,WiFi-UB.x,00:e6:3a:90:e6:18,2412,1,2.4,20,-87.0,,4,65.1,WPA2/3-Enterprise,capable,di koridor
2026-10-05T10:19:22,4,L4-024,,,T1,laptopA,1,eduroam,c0:c7:0a:58:34:d0,2462,11,2.4,20,-87.0,,0,45.9,WPA2/3-Enterprise,capable,di koridor
2026-10-05T10:19:22,4,L4-024,,,T1,laptopA,1,eduroam,c0:c7:0a:98:34:d0,5765,153,5,20,-77.0,,5,77.6,WPA2/3-Enterprise,capable,di koridor
2026-10-05T10:19:22,4,L4-024,,,T1,laptopA,1,FILKOM EVENT,c0:c7:0a:98:34:12,5220,44,5,20,-62.0,,0,15.3,WPA2-Personal,capable,di koridor
2026-10-05T10:19:22,4,L4-024,,,T1,laptopA,1,eduroam,c0:c7:0a:98:38:b0,5805,161,5,20,-53.0,,1,54.1,WPA2/3-Enterprise,capable,di koridor
2026-10-05T10:19:22,4,L4-024,,,T1,laptopA,1,FILKOM EVENT,c0:c7:0a:98:34:d2,5765,153,5,20,-78.0,,4,77.6,WPA2-Personal,capable,di koridor
2026-10-05T10:19:22,4,L4-024,,,T1,laptopA,1,eduroam,c0:c7:0a:98:34:10,5220,44,5,20,-61.0,,1,15.3,WPA2/3-Enterprise,capable,di koridor
2026-10-05T10:19:22,4,L4-024,,,T1,laptopA,1,FILKOM EVENT,c0:c7:0a:58:34:12,2412,1,2.4,20,-76.0,,1,25.5,WPA2-Personal,capable,di koridor
2026-10-05T10:19:22,4,L4-024,,,T1,laptopA,1,eduroam,c0:c7:0a:58:34:10,2412,1,2.4,20,-76.0,,1,25.5,WPA2/3-Enterprise,capable,di koridor
2026-10-05T10:19:22,4,L4-024,,,T1,laptopA,1,WiFi-UB.x,c0:c7:0a:58:34:d2,2462,11,2.4,20,-85.0,,4,59.6,WPA2/3-Enterprise,capable,di koridor
2026-10-05T10:19:22,4,L4-024,,,T1,laptopA,1,WiFi-UB.x,c0:c7:0a:98:34:11,5220,44,5,20,-61.0,,9,15.3,WPA2/3-Enterprise,capable,di koridor
2026-10-05T10:19:22,4,L4-024,,,T1,laptopA,1,"3x - 16 = 20, x = ?",62:20:00:37:ba:e1,2462,11,2.4,20,-80.0,,,,WPA2/WPA3-Personal,capable,di koridor
2026-10-05T10:19:22,4,L4-024,,,T1,laptopA,1,FILKOM EVENT,c0:c7:0a:98:38:b2,5805,161,5,20,-54.0,,0,54.1,WPA2-Personal,capable,di koridor
2026-10-05T10:19:22,4,L4-024,,,T1,laptopA,1,WiFi-UB.x,c0:c7:0a:98:38:b1,5805,161,5,20,-53.0,,15,54.1,WPA2/3-Enterprise,capable,di koridor
2026-10-05T10:19:22,4,L4-024,,,T1,laptopA,1,WiFi-UB.x,c0:c7:0a:58:34:11,2412,1,2.4,20,-76.0,,0,25.5,WPA2/3-Enterprise,capable,di koridor
2026-10-05T10:19:31,4,L4-024,,,T1,laptopA,2,myECO_IR,ca:2b:96:1c:d9:5c,2412,1,2.4,20,-85.0,,,,Open,no,di koridor
2026-10-05T10:19:31,4,L4-024,,,T1,laptopA,2,WiFi-UB.x,46:d9:e7:fb:08:f8,2412,1,2.4,20,-91.0,,0,58.8,WPA2/3-Enterprise,no,di koridor
2026-10-05T10:19:31,4,L4-024,,,T1,laptopA,2,eduroam,56:d9:e7:fb:08:f8,2412,1,2.4,20,-81.0,,0,65.5,WPA2/3-Enterprise,no,di koridor
2026-10-05T10:19:31,4,L4-024,,,T1,laptopA,2,WiFi-UB.x,c0:c7:0a:98:3a:52,5180,36,5,20,-52.0,,40,62.0,WPA2/3-Enterprise,capable,di koridor
2026-10-05T10:19:31,4,L4-024,,,T1,laptopA,2,FEB-UB,80:03:84:99:07:38,2462,11,2.4,20,-79.0,,3,49.4,WPA2-Personal,capable,di koridor
2026-10-05T10:19:31,4,L4-024,,,T1,laptopA,2,FILKOM EVENT,c0:c7:0a:98:3a:51,5180,36,5,20,-62.0,,2,66.7,WPA2-Personal,capable,di koridor
2026-10-05T10:19:31,4,L4-024,,,T1,laptopA,2,Recover.Me-0B3DA0,c8:a6:08:4b:3d:af,2462,11,2.4,20,-88.0,,0,45.5,WPA2-Personal,no,di koridor
2026-10-05T10:19:31,4,L4-024,,,T1,laptopA,2,eduroam,c0:c7:0a:98:3a:50,5180,36,5,20,-59.0,,5,66.7,WPA2/3-Enterprise,capable,di koridor
2026-10-05T10:19:31,4,L4-024,,,T1,laptopA,2,Hello World!,da:dc:e6:e3:be:97,2462,11,2.4,20,-85.0,,,,WPA2-Personal,no,di koridor
2026-10-05T10:19:31,4,L4-024,,,T1,laptopA,2,WiFi-UB.x,00:e6:3a:90:e6:18,2412,1,2.4,20,-87.0,,4,65.1,WPA2/3-Enterprise,capable,di koridor
2026-10-05T10:19:31,4,L4-024,,,T1,laptopA,2,eduroam,c0:c7:0a:58:34:d0,2462,11,2.4,20,-87.0,,0,45.9,WPA2/3-Enterprise,capable,di koridor
2026-10-05T10:19:31,4,L4-024,,,T1,laptopA,2,eduroam,c0:c7:0a:98:34:d0,5765,153,5,20,-77.0,,5,77.6,WPA2/3-Enterprise,capable,di koridor
2026-10-05T10:19:31,4,L4-024,,,T1,laptopA,2,FILKOM EVENT,c0:c7:0a:98:34:12,5220,44,5,20,-67.0,,0,15.7,WPA2-Personal,capable,di koridor
2026-10-05T10:19:31,4,L4-024,,,T1,laptopA,2,eduroam,c0:c7:0a:98:38:b0,5805,161,5,20,-58.0,,2,52.5,WPA2/3-Enterprise,capable,di koridor
2026-10-05T10:19:31,4,L4-024,,,T1,laptopA,2,FILKOM EVENT,c0:c7:0a:98:34:d2,5765,153,5,20,-78.0,,4,77.6,WPA2-Personal,capable,di koridor
2026-10-05T10:19:31,4,L4-024,,,T1,laptopA,2,eduroam,c0:c7:0a:98:34:10,5220,44,5,20,-65.0,,0,15.7,WPA2/3-Enterprise,capable,di koridor
2026-10-05T10:19:31,4,L4-024,,,T1,laptopA,2,FILKOM EVENT,c0:c7:0a:58:34:12,2412,1,2.4,20,-85.0,,1,25.9,WPA2-Personal,capable,di koridor
2026-10-05T10:19:31,4,L4-024,,,T1,laptopA,2,eduroam,c0:c7:0a:58:34:10,2412,1,2.4,20,-84.0,,1,25.9,WPA2/3-Enterprise,capable,di koridor
2026-10-05T10:19:31,4,L4-024,,,T1,laptopA,2,WiFi-UB.x,c0:c7:0a:58:34:d2,2462,11,2.4,20,-85.0,,4,59.6,WPA2/3-Enterprise,capable,di koridor
2026-10-05T10:19:31,4,L4-024,,,T1,laptopA,2,Bluebook,fa:5b:0c:5d:54:c3,2412,1,2.4,20,-92.0,,,,WPA2-Personal,no,di koridor
2026-10-05T10:19:31,4,L4-024,,,T1,laptopA,2,WiFi-UB.x,c0:c7:0a:98:34:11,5220,44,5,20,-61.0,,10,15.7,WPA2/3-Enterprise,capable,di koridor
2026-10-05T10:19:31,4,L4-024,,,T1,laptopA,2,"3x - 16 = 20, x = ?",62:20:00:37:ba:e1,2462,11,2.4,20,-80.0,,,,WPA2/WPA3-Personal,capable,di koridor
2026-10-05T10:19:31,4,L4-024,,,T1,laptopA,2,FILKOM EVENT,c0:c7:0a:98:38:b2,5805,161,5,20,-59.0,,0,52.5,WPA2-Personal,capable,di koridor
2026-10-05T10:19:31,4,L4-024,,,T1,laptopA,2,WiFi-UB.x,c0:c7:0a:98:38:b1,5805,161,5,20,-58.0,,15,52.5,WPA2/3-Enterprise,capable,di koridor
2026-10-05T10:19:31,4,L4-024,,,T1,laptopA,2,WiFi-UB.x,c0:c7:0a:58:34:11,2412,1,2.4,20,-76.0,,0,25.5,WPA2/3-Enterprise,capable,di koridor
2026-10-05T10:19:40,4,L4-024,,,T1,laptopA,3,myECO_IR,ca:2b:96:1c:d9:5c,2412,1,2.4,20,-85.0,,,,Open,no,di koridor
2026-10-05T10:19:40,4,L4-024,,,T1,laptopA,3,WiFi-UB.x,46:d9:e7:fb:08:f8,2412,1,2.4,20,-91.0,,0,58.8,WPA2/3-Enterprise,no,di koridor
2026-10-05T10:19:40,4,L4-024,,,T1,laptopA,3,eduroam,56:d9:e7:fb:08:f8,2412,1,2.4,20,-81.0,,0,65.5,WPA2/3-Enterprise,no,di koridor
2026-10-05T10:19:40,4,L4-024,,,T1,laptopA,3,WiFi-UB.x,c0:c7:0a:98:3a:52,5180,36,5,20,-52.0,,40,62.0,WPA2/3-Enterprise,capable,di koridor
2026-10-05T10:19:40,4,L4-024,,,T1,laptopA,3,FEB-UB,80:03:84:99:07:38,2462,11,2.4,20,-79.0,,3,49.4,WPA2-Personal,capable,di koridor
2026-10-05T10:19:40,4,L4-024,,,T1,laptopA,3,FILKOM EVENT,c0:c7:0a:98:3a:51,5180,36,5,20,-62.0,,2,66.7,WPA2-Personal,capable,di koridor
2026-10-05T10:19:40,4,L4-024,,,T1,laptopA,3,Recover.Me-0B3DA0,c8:a6:08:4b:3d:af,2462,11,2.4,20,-88.0,,0,45.5,WPA2-Personal,no,di koridor
2026-10-05T10:19:40,4,L4-024,,,T1,laptopA,3,eduroam,c0:c7:0a:98:3a:50,5180,36,5,20,-59.0,,5,66.7,WPA2/3-Enterprise,capable,di koridor
2026-10-05T10:19:40,4,L4-024,,,T1,laptopA,3,Hello World!,da:dc:e6:e3:be:97,2462,11,2.4,20,-85.0,,,,WPA2-Personal,no,di koridor
2026-10-05T10:19:40,4,L4-024,,,T1,laptopA,3,WiFi-UB.x,00:e6:3a:90:e6:18,2412,1,2.4,20,-87.0,,4,65.1,WPA2/3-Enterprise,capable,di koridor
2026-10-05T10:19:40,4,L4-024,,,T1,laptopA,3,eduroam,c0:c7:0a:58:34:d0,2462,11,2.4,20,-85.0,,0,51.4,WPA2/3-Enterprise,capable,di koridor
2026-10-05T10:19:40,4,L4-024,,,T1,laptopA,3,eduroam,c0:c7:0a:98:34:d0,5765,153,5,20,-77.0,,5,77.6,WPA2/3-Enterprise,capable,di koridor
2026-10-05T10:19:40,4,L4-024,,,T1,laptopA,3,FILKOM EVENT,c0:c7:0a:98:34:12,5220,44,5,20,-58.0,,0,35.7,WPA2-Personal,capable,di koridor
2026-10-05T10:19:40,4,L4-024,,,T1,laptopA,3,eduroam,c0:c7:0a:98:38:b0,5805,161,5,20,-61.0,,2,34.9,WPA2/3-Enterprise,capable,di koridor
2026-10-05T10:19:40,4,L4-024,,,T1,laptopA,3,FILKOM EVENT,c0:c7:0a:98:34:d2,5765,153,5,20,-78.0,,4,77.6,WPA2-Personal,capable,di koridor
2026-10-05T10:19:40,4,L4-024,,,T1,laptopA,3,eduroam,c0:c7:0a:98:34:10,5220,44,5,20,-57.0,,0,35.7,WPA2/3-Enterprise,capable,di koridor
2026-10-05T10:19:40,4,L4-024,,,T1,laptopA,3,FILKOM EVENT,c0:c7:0a:58:34:12,2412,1,2.4,20,-85.0,,1,25.9,WPA2-Personal,capable,di koridor
2026-10-05T10:19:40,4,L4-024,,,T1,laptopA,3,eduroam,c0:c7:0a:58:34:10,2412,1,2.4,20,-80.0,,1,26.3,WPA2/3-Enterprise,capable,di koridor
2026-10-05T10:19:40,4,L4-024,,,T1,laptopA,3,WiFi-UB.x,c0:c7:0a:58:34:d2,2462,11,2.4,20,-85.0,,4,59.6,WPA2/3-Enterprise,capable,di koridor
2026-10-05T10:19:40,4,L4-024,,,T1,laptopA,3,Bluebook,fa:5b:0c:5d:54:c3,2412,1,2.4,20,-92.0,,,,WPA2-Personal,no,di koridor
2026-10-05T10:19:40,4,L4-024,,,T1,laptopA,3,WiFi-UB.x,c0:c7:0a:98:34:11,5220,44,5,20,-64.0,,10,35.7,WPA2/3-Enterprise,capable,di koridor
2026-10-05T10:19:40,4,L4-024,,,T1,laptopA,3,"3x - 16 = 20, x = ?",62:20:00:37:ba:e1,2462,11,2.4,20,-80.0,,,,WPA2/WPA3-Personal,capable,di koridor
2026-10-05T10:19:40,4,L4-024,,,T1,laptopA,3,FILKOM EVENT,c0:c7:0a:98:38:b2,5805,161,5,20,-62.0,,0,34.9,WPA2-Personal,capable,di koridor
2026-10-05T10:19:40,4,L4-024,,,T1,laptopA,3,WiFi-UB.x,c0:c7:0a:98:38:b1,5805,161,5,20,-61.0,,15,34.9,WPA2/3-Enterprise,capable,di koridor
2026-10-05T10:19:40,4,L4-024,,,T1,laptopA,3,WiFi-UB.x,c0:c7:0a:58:34:11,2412,1,2.4,20,-81.0,,0,26.3,WPA2/3-Enterprise,capable,di koridor
2026-10-05T10:20:26,4,L4-022,,,T1,laptopA,1,eduroam,54:d7:e3:45:51:22,2462,11,2.4,20,-76.0,,,,WPA2/3-Enterprise,no,di kursi ruang tunggu
2026-10-05T10:20:26,4,L4-022,,,T1,laptopA,1,WiFi-UB.x,54:d7:e3:45:51:20,2462,11,2.4,20,-76.0,,,,WPA2/3-Enterprise,no,di kursi ruang tunggu
2026-10-05T10:20:26,4,L4-022,,,T1,laptopA,1,WiFi-FILKOM,54:d7:e3:45:51:21,2462,11,2.4,20,-76.0,,,,WPA2/3-Enterprise,no,di kursi ruang tunggu
2026-10-05T10:20:26,4,L4-022,,,T1,laptopA,1,myECO_IR,ca:2b:96:1c:d9:5c,2412,1,2.4,20,-73.0,,,,Open,no,di kursi ruang tunggu
2026-10-05T10:20:26,4,L4-022,,,T1,laptopA,1,WiFi-UB.x,46:d9:e7:fb:08:f8,2412,1,2.4,20,-91.0,,0,58.8,WPA2/3-Enterprise,no,di kursi ruang tunggu
2026-10-05T10:20:26,4,L4-022,,,T1,laptopA,1,FILKOM EVENT,54:d7:e3:45:51:23,2462,11,2.4,20,-77.0,,,,WPA2-Personal,no,di kursi ruang tunggu
2026-10-05T10:20:26,4,L4-022,,,T1,laptopA,1,FILKOM EVENT,c0:c7:0a:98:3a:51,5180,36,5,20,-72.0,,2,83.5,WPA2-Personal,capable,di kursi ruang tunggu
2026-10-05T10:20:26,4,L4-022,,,T1,laptopA,1,Recover.Me-0B3DA0,c8:a6:08:4b:3d:af,2462,11,2.4,20,-89.0,,0,58.4,WPA2-Personal,no,di kursi ruang tunggu
2026-10-05T10:20:26,4,L4-022,,,T1,laptopA,1,eduroam,c0:c7:0a:98:3a:50,5180,36,5,20,-69.0,,5,83.5,WPA2/3-Enterprise,capable,di kursi ruang tunggu
2026-10-05T10:20:26,4,L4-022,,,T1,laptopA,1,Hello World!,da:dc:e6:e3:be:97,2462,11,2.4,20,-63.0,,,,WPA2-Personal,no,di kursi ruang tunggu
2026-10-05T10:20:26,4,L4-022,,,T1,laptopA,1,WiFi-UB.x,00:e6:3a:90:e6:18,2412,1,2.4,20,-87.0,,4,65.1,WPA2/3-Enterprise,capable,di kursi ruang tunggu
2026-10-05T10:20:26,4,L4-022,,,T1,laptopA,1,eduroam,c0:c7:0a:58:34:d0,2462,11,2.4,20,-85.0,,0,51.4,WPA2/3-Enterprise,capable,di kursi ruang tunggu
2026-10-05T10:20:26,4,L4-022,,,T1,laptopA,1,eduroam,c0:c7:0a:98:34:d0,5765,153,5,20,-64.0,,6,65.1,WPA2/3-Enterprise,capable,di kursi ruang tunggu
2026-10-05T10:20:26,4,L4-022,,,T1,laptopA,1,FILKOM EVENT,c0:c7:0a:98:34:12,5220,44,5,20,-68.0,,0,17.3,WPA2-Personal,capable,di kursi ruang tunggu
2026-10-05T10:20:26,4,L4-022,,,T1,laptopA,1,eduroam,c0:c7:0a:98:38:b0,5805,161,5,20,-61.0,,2,34.9,WPA2/3-Enterprise,capable,di kursi ruang tunggu
2026-10-05T10:20:26,4,L4-022,,,T1,laptopA,1,FILKOM EVENT,c0:c7:0a:98:34:d2,5765,153,5,20,-64.0,,4,65.1,WPA2-Personal,capable,di kursi ruang tunggu
2026-10-05T10:20:26,4,L4-022,,,T1,laptopA,1,eduroam,c0:c7:0a:98:34:10,5220,44,5,20,-66.0,,0,17.3,WPA2/3-Enterprise,capable,di kursi ruang tunggu
2026-10-05T10:20:26,4,L4-022,,,T1,laptopA,1,FILKOM EVENT,c0:c7:0a:58:34:12,2412,1,2.4,20,-76.0,,1,26.3,WPA2-Personal,capable,di kursi ruang tunggu
2026-10-05T10:20:26,4,L4-022,,,T1,laptopA,1,eduroam,c0:c7:0a:58:34:10,2412,1,2.4,20,-76.0,,1,26.3,WPA2/3-Enterprise,capable,di kursi ruang tunggu
2026-10-05T10:20:26,4,L4-022,,,T1,laptopA,1,WiFi-UB.x,c0:c7:0a:58:34:d2,2462,11,2.4,20,-85.0,,4,59.6,WPA2/3-Enterprise,capable,di kursi ruang tunggu
2026-10-05T10:20:26,4,L4-022,,,T1,laptopA,1,Bluebook,fa:5b:0c:5d:54:c3,2412,1,2.4,20,-92.0,,,,WPA2-Personal,no,di kursi ruang tunggu
2026-10-05T10:20:26,4,L4-022,,,T1,laptopA,1,WiFi-UB.x,c0:c7:0a:98:34:11,5220,44,5,20,-62.0,,9,17.3,WPA2/3-Enterprise,capable,di kursi ruang tunggu
2026-10-05T10:20:26,4,L4-022,,,T1,laptopA,1,"3x - 16 = 20, x = ?",62:20:00:37:ba:e1,2462,11,2.4,20,-80.0,,,,WPA2/WPA3-Personal,capable,di kursi ruang tunggu
2026-10-05T10:20:26,4,L4-022,,,T1,laptopA,1,FILKOM EVENT,c0:c7:0a:98:38:b2,5805,161,5,20,-62.0,,0,34.9,WPA2-Personal,capable,di kursi ruang tunggu
2026-10-05T10:20:26,4,L4-022,,,T1,laptopA,1,WiFi-UB.x,c0:c7:0a:98:38:b1,5805,161,5,20,-61.0,,15,34.9,WPA2/3-Enterprise,capable,di kursi ruang tunggu
2026-10-05T10:20:26,4,L4-022,,,T1,laptopA,1,WiFi-UB.x,c0:c7:0a:58:34:11,2412,1,2.4,20,-75.0,,0,26.3,WPA2/3-Enterprise,capable,di kursi ruang tunggu
2026-10-05T10:20:35,4,L4-022,,,T1,laptopA,2,eduroam,54:d7:e3:45:51:22,2462,11,2.4,20,-76.0,,,,WPA2/3-Enterprise,no,di kursi ruang tunggu
2026-10-05T10:20:35,4,L4-022,,,T1,laptopA,2,WiFi-UB.x,54:d7:e3:45:51:20,2462,11,2.4,20,-76.0,,,,WPA2/3-Enterprise,no,di kursi ruang tunggu
2026-10-05T10:20:35,4,L4-022,,,T1,laptopA,2,APCobaX,74:4d:28:49:75:30,5280,56,5,40,-91.0,,,,WPA2-Personal,no,di kursi ruang tunggu
2026-10-05T10:20:35,4,L4-022,,,T1,laptopA,2,WiFi-FILKOM,54:d7:e3:45:51:21,2462,11,2.4,20,-76.0,,,,WPA2/3-Enterprise,no,di kursi ruang tunggu
2026-10-05T10:20:35,4,L4-022,,,T1,laptopA,2,myECO_IR,ca:2b:96:1c:d9:5c,2412,1,2.4,20,-73.0,,,,Open,no,di kursi ruang tunggu
2026-10-05T10:20:35,4,L4-022,,,T1,laptopA,2,WiFi-UB.x,46:d9:e7:fb:08:f8,2412,1,2.4,20,-91.0,,0,58.8,WPA2/3-Enterprise,no,di kursi ruang tunggu
2026-10-05T10:20:35,4,L4-022,,,T1,laptopA,2,FILKOM EVENT,54:d7:e3:45:51:23,2462,11,2.4,20,-77.0,,,,WPA2-Personal,no,di kursi ruang tunggu
2026-10-05T10:20:35,4,L4-022,,,T1,laptopA,2,FILKOM EVENT,c0:c7:0a:98:3a:51,5180,36,5,20,-72.0,,2,83.5,WPA2-Personal,capable,di kursi ruang tunggu
2026-10-05T10:20:35,4,L4-022,,,T1,laptopA,2,Recover.Me-0B3DA0,c8:a6:08:4b:3d:af,2462,11,2.4,20,-89.0,,0,58.4,WPA2-Personal,no,di kursi ruang tunggu
2026-10-05T10:20:35,4,L4-022,,,T1,laptopA,2,eduroam,c0:c7:0a:98:3a:50,5180,36,5,20,-63.0,,5,83.5,WPA2/3-Enterprise,capable,di kursi ruang tunggu
2026-10-05T10:20:35,4,L4-022,,,T1,laptopA,2,Hello World!,da:dc:e6:e3:be:97,2462,11,2.4,20,-63.0,,,,WPA2-Personal,no,di kursi ruang tunggu
2026-10-05T10:20:35,4,L4-022,,,T1,laptopA,2,WiFi-UB.x,00:e6:3a:90:e6:18,2412,1,2.4,20,-87.0,,4,65.1,WPA2/3-Enterprise,capable,di kursi ruang tunggu
2026-10-05T10:20:35,4,L4-022,,,T1,laptopA,2,eduroam,c0:c7:0a:58:34:d0,2462,11,2.4,20,-84.0,,0,56.5,WPA2/3-Enterprise,capable,di kursi ruang tunggu
2026-10-05T10:20:35,4,L4-022,,,T1,laptopA,2,eduroam,c0:c7:0a:98:34:d0,5765,153,5,20,-64.0,,6,65.1,WPA2/3-Enterprise,capable,di kursi ruang tunggu
2026-10-05T10:20:35,4,L4-022,,,T1,laptopA,2,FILKOM EVENT,c0:c7:0a:98:34:12,5220,44,5,20,-62.0,,0,20.8,WPA2-Personal,capable,di kursi ruang tunggu
2026-10-05T10:20:35,4,L4-022,,,T1,laptopA,2,eduroam,c0:c7:0a:98:38:b0,5805,161,5,20,-59.0,,2,71.0,WPA2/3-Enterprise,capable,di kursi ruang tunggu
2026-10-05T10:20:35,4,L4-022,,,T1,laptopA,2,FILKOM EVENT,c0:c7:0a:98:34:d2,5765,153,5,20,-64.0,,4,65.1,WPA2-Personal,capable,di kursi ruang tunggu
2026-10-05T10:20:35,4,L4-022,,,T1,laptopA,2,eduroam,c0:c7:0a:98:34:10,5220,44,5,20,-61.0,,1,20.8,WPA2/3-Enterprise,capable,di kursi ruang tunggu
2026-10-05T10:20:35,4,L4-022,,,T1,laptopA,2,FILKOM EVENT,c0:c7:0a:58:34:12,2412,1,2.4,20,-78.0,,1,21.6,WPA2-Personal,capable,di kursi ruang tunggu
2026-10-05T10:20:35,4,L4-022,,,T1,laptopA,2,eduroam,c0:c7:0a:58:34:10,2412,1,2.4,20,-78.0,,1,21.6,WPA2/3-Enterprise,capable,di kursi ruang tunggu
2026-10-05T10:20:35,4,L4-022,,,T1,laptopA,2,WiFi-UB.x,c0:c7:0a:58:34:d2,2462,11,2.4,20,-85.0,,4,59.6,WPA2/3-Enterprise,capable,di kursi ruang tunggu
2026-10-05T10:20:35,4,L4-022,,,T1,laptopA,2,Bluebook,fa:5b:0c:5d:54:c3,2412,1,2.4,20,-92.0,,,,WPA2-Personal,no,di kursi ruang tunggu
2026-10-05T10:20:35,4,L4-022,,,T1,laptopA,2,WiFi-UB.x,c0:c7:0a:98:34:11,5220,44,5,20,-61.0,,10,20.8,WPA2/3-Enterprise,capable,di kursi ruang tunggu
2026-10-05T10:20:35,4,L4-022,,,T1,laptopA,2,"3x - 16 = 20, x = ?",62:20:00:37:ba:e1,2462,11,2.4,20,-75.0,,,,WPA2/WPA3-Personal,capable,di kursi ruang tunggu
2026-10-05T10:20:35,4,L4-022,,,T1,laptopA,2,FILKOM EVENT,c0:c7:0a:98:38:b2,5805,161,5,20,-60.0,,1,71.0,WPA2-Personal,capable,di kursi ruang tunggu
2026-10-05T10:20:35,4,L4-022,,,T1,laptopA,2,WiFi-UB.x,c0:c7:0a:98:38:b1,5805,161,5,20,-59.0,,13,71.0,WPA2/3-Enterprise,capable,di kursi ruang tunggu
2026-10-05T10:20:35,4,L4-022,,,T1,laptopA,2,WiFi-UB.x,c0:c7:0a:58:34:11,2412,1,2.4,20,-77.0,,0,21.6,WPA2/3-Enterprise,capable,di kursi ruang tunggu
2026-10-05T10:20:44,4,L4-022,,,T1,laptopA,3,DIRECT-NKTOBTOBmsL8,4e:50:dd:3d:4b:8a,5220,44,5,20,-68.0,,,,WPA2-Personal,no,di kursi ruang tunggu
2026-10-05T10:20:44,4,L4-022,,,T1,laptopA,3,OPPO A54,d2:5e:df:fb:3a:27,2437,6,2.4,20,-75.0,,,,WPA2-Personal,no,di kursi ruang tunggu
2026-10-05T10:20:44,4,L4-022,,,T1,laptopA,3,eduroam,54:d7:e3:45:51:22,2462,11,2.4,20,-76.0,,,,WPA2/3-Enterprise,no,di kursi ruang tunggu
2026-10-05T10:20:44,4,L4-022,,,T1,laptopA,3,WiFi-UB.x,54:d7:e3:45:51:20,2462,11,2.4,20,-76.0,,,,WPA2/3-Enterprise,no,di kursi ruang tunggu
2026-10-05T10:20:44,4,L4-022,,,T1,laptopA,3,APCobaX,74:4d:28:49:75:30,5280,56,5,40,-91.0,,,,WPA2-Personal,no,di kursi ruang tunggu
2026-10-05T10:20:44,4,L4-022,,,T1,laptopA,3,WiFi-FILKOM,54:d7:e3:45:51:21,2462,11,2.4,20,-76.0,,,,WPA2/3-Enterprise,no,di kursi ruang tunggu
2026-10-05T10:20:44,4,L4-022,,,T1,laptopA,3,myECO_IR,ca:2b:96:1c:d9:5c,2412,1,2.4,20,-73.0,,,,Open,no,di kursi ruang tunggu
2026-10-05T10:20:44,4,L4-022,,,T1,laptopA,3,FILKOM EVENT,54:d7:e3:45:51:23,2462,11,2.4,20,-77.0,,,,WPA2-Personal,no,di kursi ruang tunggu
2026-10-05T10:20:44,4,L4-022,,,T1,laptopA,3,FILKOM EVENT,c0:c7:0a:98:3a:51,5180,36,5,20,-72.0,,2,83.5,WPA2-Personal,capable,di kursi ruang tunggu
2026-10-05T10:20:44,4,L4-022,,,T1,laptopA,3,Recover.Me-0B3DA0,c8:a6:08:4b:3d:af,2462,11,2.4,20,-89.0,,0,58.4,WPA2-Personal,no,di kursi ruang tunggu
2026-10-05T10:20:44,4,L4-022,,,T1,laptopA,3,eduroam,c0:c7:0a:98:3a:50,5180,36,5,20,-63.0,,5,83.5,WPA2/3-Enterprise,capable,di kursi ruang tunggu
2026-10-05T10:20:44,4,L4-022,,,T1,laptopA,3,Hello World!,da:dc:e6:e3:be:97,2462,11,2.4,20,-65.0,,,,WPA2-Personal,no,di kursi ruang tunggu
2026-10-05T10:20:44,4,L4-022,,,T1,laptopA,3,WiFi-UB.x,00:e6:3a:90:e6:18,2412,1,2.4,20,-87.0,,4,65.1,WPA2/3-Enterprise,capable,di kursi ruang tunggu
2026-10-05T10:20:44,4,L4-022,,,T1,laptopA,3,eduroam,c0:c7:0a:58:34:d0,2462,11,2.4,20,-84.0,,0,56.5,WPA2/3-Enterprise,capable,di kursi ruang tunggu
2026-10-05T10:20:44,4,L4-022,,,T1,laptopA,3,eduroam,c0:c7:0a:98:34:d0,5765,153,5,20,-65.0,,6,60.4,WPA2/3-Enterprise,capable,di kursi ruang tunggu
2026-10-05T10:20:44,4,L4-022,,,T1,laptopA,3,FILKOM EVENT,c0:c7:0a:98:34:12,5220,44,5,20,-70.0,,0,20.0,WPA2-Personal,capable,di kursi ruang tunggu
2026-10-05T10:20:44,4,L4-022,,,T1,laptopA,3,eduroam,c0:c7:0a:98:38:b0,5805,161,5,20,-58.0,,2,71.8,WPA2/3-Enterprise,capable,di kursi ruang tunggu
2026-10-05T10:20:44,4,L4-022,,,T1,laptopA,3,FILKOM EVENT,c0:c7:0a:98:34:d2,5765,153,5,20,-66.0,,4,60.4,WPA2-Personal,capable,di kursi ruang tunggu
2026-10-05T10:20:44,4,L4-022,,,T1,laptopA,3,eduroam,c0:c7:0a:98:34:10,5220,44,5,20,-69.0,,1,20.0,WPA2/3-Enterprise,capable,di kursi ruang tunggu
2026-10-05T10:20:44,4,L4-022,,,T1,laptopA,3,FILKOM EVENT,c0:c7:0a:58:34:12,2412,1,2.4,20,-76.0,,1,24.3,WPA2-Personal,capable,di kursi ruang tunggu
2026-10-05T10:20:44,4,L4-022,,,T1,laptopA,3,eduroam,c0:c7:0a:58:34:10,2412,1,2.4,20,-75.0,,1,24.3,WPA2/3-Enterprise,capable,di kursi ruang tunggu
2026-10-05T10:20:44,4,L4-022,,,T1,laptopA,3,WiFi-UB.x,c0:c7:0a:58:34:d2,2462,11,2.4,20,-85.0,,4,59.6,WPA2/3-Enterprise,capable,di kursi ruang tunggu
2026-10-05T10:20:44,4,L4-022,,,T1,laptopA,3,Bluebook,fa:5b:0c:5d:54:c3,2412,1,2.4,20,-92.0,,,,WPA2-Personal,no,di kursi ruang tunggu
2026-10-05T10:20:44,4,L4-022,,,T1,laptopA,3,WiFi-UB.x,c0:c7:0a:98:34:11,5220,44,5,20,-62.0,,10,20.0,WPA2/3-Enterprise,capable,di kursi ruang tunggu
2026-10-05T10:20:44,4,L4-022,,,T1,laptopA,3,"3x - 16 = 20, x = ?",62:20:00:37:ba:e1,2462,11,2.4,20,-75.0,,,,WPA2/WPA3-Personal,capable,di kursi ruang tunggu
2026-10-05T10:20:44,4,L4-022,,,T1,laptopA,3,FILKOM EVENT,c0:c7:0a:98:38:b2,5805,161,5,20,-59.0,,0,71.8,WPA2-Personal,capable,di kursi ruang tunggu
2026-10-05T10:20:44,4,L4-022,,,T1,laptopA,3,WiFi-UB.x,c0:c7:0a:98:38:b1,5805,161,5,20,-58.0,,13,71.8,WPA2/3-Enterprise,capable,di kursi ruang tunggu
2026-10-05T10:20:44,4,L4-022,,,T1,laptopA,3,WiFi-UB.x,c0:c7:0a:58:34:11,2412,1,2.4,20,-75.0,,0,24.3,WPA2/3-Enterprise,capable,di kursi ruang tunggu
2026-10-05T10:28:05,4,L4-021,,,T1,laptopA,1,5i NAUPAL,b6:2d:29:3b:0d:0d,2442,7,2.4,20,-66.0,,,,WPA2-Personal,capable,di sudut lantai 4
2026-10-05T10:28:05,4,L4-021,,,T1,laptopA,1,FILKOM EVENT,c0:c7:0a:98:38:b2,5805,161,5,20,-73.0,,0,5.5,WPA2-Personal,capable,di sudut lantai 4
2026-10-05T10:28:05,4,L4-021,,,T1,laptopA,1,eduroam,c0:c7:0a:98:38:b0,5805,161,5,20,-72.0,,4,5.5,WPA2/3-Enterprise,capable,di sudut lantai 4
2026-10-05T10:28:05,4,L4-021,,,T1,laptopA,1,A16 milik Mariana,56:bf:73:c6:55:c1,2412,1,2.4,20,-78.0,,,,WPA2-Personal,no,di sudut lantai 4
2026-10-05T10:28:05,4,L4-021,,,T1,laptopA,1,eduroam,c0:c7:0a:98:34:10,5220,44,5,20,-89.0,,2,34.5,WPA2/3-Enterprise,capable,di sudut lantai 4
2026-10-05T10:28:05,4,L4-021,,,T1,laptopA,1,WiFi-UB.x,46:d9:e7:fb:08:f8,2412,1,2.4,20,-91.0,,0,60.8,WPA2/3-Enterprise,no,di sudut lantai 4
2026-10-05T10:28:05,4,L4-021,,,T1,laptopA,1,WiFi-UB.x,c0:c7:0a:98:34:d1,5765,153,5,20,-68.0,,21,82.4,WPA2/3-Enterprise,capable,di sudut lantai 4
2026-10-05T10:28:05,4,L4-021,,,T1,laptopA,1,WiFi-UB.x,54:d7:e3:45:51:20,2462,11,2.4,20,-84.0,,,,WPA2/3-Enterprise,no,di sudut lantai 4
2026-10-05T10:28:05,4,L4-021,,,T1,laptopA,1,Hello World!,da:dc:e6:e3:be:97,2462,11,2.4,20,-69.0,,,,WPA2-Personal,no,di sudut lantai 4
2026-10-05T10:28:05,4,L4-021,,,T1,laptopA,1,eduroam,c0:c7:0a:98:34:d0,5765,153,5,20,-69.0,,3,82.4,WPA2/3-Enterprise,capable,di sudut lantai 4
2026-10-05T10:28:05,4,L4-021,,,T1,laptopA,1,FILKOM EVENT,c0:c7:0a:98:34:d2,5765,153,5,20,-69.0,,4,82.4,WPA2-Personal,capable,di sudut lantai 4
2026-10-05T10:28:05,4,L4-021,,,T1,laptopA,1,WiFi-UB.x,c0:c7:0a:98:34:11,5220,44,5,20,-73.0,,19,22.7,WPA2/3-Enterprise,capable,di sudut lantai 4
2026-10-05T10:28:05,4,L4-021,,,T1,laptopA,1,WiFi-UB.x,c0:c7:0a:98:38:b1,5805,161,5,20,-72.0,,22,5.5,WPA2/3-Enterprise,capable,di sudut lantai 4
2026-10-05T10:28:14,4,L4-021,,,T1,laptopA,2,WiFi-UB.x,c0:c7:0a:98:3a:52,5180,36,5,20,-72.0,,33,81.2,WPA2/3-Enterprise,capable,di sudut lantai 4
2026-10-05T10:28:14,4,L4-021,,,T1,laptopA,2,FILKOM EVENT,c0:c7:0a:98:3a:51,5180,36,5,20,-75.0,,4,81.2,WPA2-Personal,capable,di sudut lantai 4
2026-10-05T10:28:14,4,L4-021,,,T1,laptopA,2,FILKOM EVENT,c0:c7:0a:98:34:12,5220,44,5,20,-79.0,,1,20.0,WPA2-Personal,capable,di sudut lantai 4
2026-10-05T10:28:14,4,L4-021,,,T1,laptopA,2,5i NAUPAL,b6:2d:29:3b:0d:0d,2442,7,2.4,20,-72.0,,,,WPA2-Personal,capable,di sudut lantai 4
2026-10-05T10:28:14,4,L4-021,,,T1,laptopA,2,eduroam,c0:c7:0a:98:3a:50,5180,36,5,20,-71.0,,10,81.2,WPA2/3-Enterprise,capable,di sudut lantai 4
2026-10-05T10:28:14,4,L4-021,,,T1,laptopA,2,FILKOM EVENT,c0:c7:0a:98:38:b2,5805,161,5,20,-73.0,,0,5.5,WPA2-Personal,capable,di sudut lantai 4
2026-10-05T10:28:14,4,L4-021,,,T1,laptopA,2,eduroam,c0:c7:0a:98:38:b0,5805,161,5,20,-72.0,,4,5.5,WPA2/3-Enterprise,capable,di sudut lantai 4
2026-10-05T10:28:14,4,L4-021,,,T1,laptopA,2,A16 milik Mariana,56:bf:73:c6:55:c1,2412,1,2.4,20,-76.0,,,,WPA2-Personal,no,di sudut lantai 4
2026-10-05T10:28:14,4,L4-021,,,T1,laptopA,2,eduroam,c0:c7:0a:98:34:10,5220,44,5,20,-78.0,,4,20.0,WPA2/3-Enterprise,capable,di sudut lantai 4
2026-10-05T10:28:14,4,L4-021,,,T1,laptopA,2,WiFi-UB.x,46:d9:e7:fb:08:f8,2412,1,2.4,20,-91.0,,0,60.8,WPA2/3-Enterprise,no,di sudut lantai 4
2026-10-05T10:28:14,4,L4-021,,,T1,laptopA,2,WiFi-UB.x,c0:c7:0a:98:34:d1,5765,153,5,20,-68.0,,21,82.4,WPA2/3-Enterprise,capable,di sudut lantai 4
2026-10-05T10:28:14,4,L4-021,,,T1,laptopA,2,WiFi-UB.x,54:d7:e3:45:51:20,2462,11,2.4,20,-84.0,,,,WPA2/3-Enterprise,no,di sudut lantai 4
2026-10-05T10:28:14,4,L4-021,,,T1,laptopA,2,Hello World!,da:dc:e6:e3:be:97,2462,11,2.4,20,-73.0,,,,WPA2-Personal,no,di sudut lantai 4
2026-10-05T10:28:14,4,L4-021,,,T1,laptopA,2,eduroam,c0:c7:0a:98:34:d0,5765,153,5,20,-69.0,,3,82.4,WPA2/3-Enterprise,capable,di sudut lantai 4
2026-10-05T10:28:14,4,L4-021,,,T1,laptopA,2,FILKOM EVENT,c0:c7:0a:98:34:d2,5765,153,5,20,-69.0,,4,82.4,WPA2-Personal,capable,di sudut lantai 4
2026-10-05T10:28:14,4,L4-021,,,T1,laptopA,2,WiFi-UB.x,c0:c7:0a:98:34:11,5220,44,5,20,-79.0,,28,20.0,WPA2/3-Enterprise,capable,di sudut lantai 4
2026-10-05T10:28:14,4,L4-021,,,T1,laptopA,2,WiFi-UB.x,c0:c7:0a:98:38:b1,5805,161,5,20,-71.0,,25,14.5,WPA2/3-Enterprise,capable,di sudut lantai 4
2026-10-05T10:28:23,4,L4-021,,,T1,laptopA,3,FILKOM EVENT,c0:c7:0a:58:34:d1,2462,11,2.4,20,-84.0,,0,40.4,WPA2-Personal,capable,di sudut lantai 4
2026-10-05T10:28:23,4,L4-021,,,T1,laptopA,3,eduroam,c0:c7:0a:58:34:d0,2462,11,2.4,20,-83.0,,0,40.4,WPA2/3-Enterprise,capable,di sudut lantai 4
2026-10-05T10:28:23,4,L4-021,,,T1,laptopA,3,WiFi-UB.x,c0:c7:0a:98:3a:52,5180,36,5,20,-72.0,,33,81.2,WPA2/3-Enterprise,capable,di sudut lantai 4
2026-10-05T10:28:23,4,L4-021,,,T1,laptopA,3,FILKOM EVENT,c0:c7:0a:98:3a:51,5180,36,5,20,-76.0,,3,50.6,WPA2-Personal,capable,di sudut lantai 4
2026-10-05T10:28:23,4,L4-021,,,T1,laptopA,3,FILKOM EVENT,c0:c7:0a:98:34:12,5220,44,5,20,-79.0,,1,20.0,WPA2-Personal,capable,di sudut lantai 4
2026-10-05T10:28:23,4,L4-021,,,T1,laptopA,3,5i NAUPAL,b6:2d:29:3b:0d:0d,2442,7,2.4,20,-72.0,,,,WPA2-Personal,capable,di sudut lantai 4
2026-10-05T10:28:23,4,L4-021,,,T1,laptopA,3,eduroam,c0:c7:0a:98:3a:50,5180,36,5,20,-74.0,,10,50.6,WPA2/3-Enterprise,capable,di sudut lantai 4
2026-10-05T10:28:23,4,L4-021,,,T1,laptopA,3,FILKOM EVENT,c0:c7:0a:98:38:b2,5805,161,5,20,-75.0,,0,5.5,WPA2-Personal,capable,di sudut lantai 4
2026-10-05T10:28:23,4,L4-021,,,T1,laptopA,3,eduroam,c0:c7:0a:98:38:b0,5805,161,5,20,-72.0,,4,5.5,WPA2/3-Enterprise,capable,di sudut lantai 4
2026-10-05T10:28:23,4,L4-021,,,T1,laptopA,3,A16 milik Mariana,56:bf:73:c6:55:c1,2412,1,2.4,20,-80.0,,,,WPA2-Personal,no,di sudut lantai 4
2026-10-05T10:28:23,4,L4-021,,,T1,laptopA,3,eduroam,c0:c7:0a:98:34:10,5220,44,5,20,-83.0,,5,76.5,WPA2/3-Enterprise,capable,di sudut lantai 4
2026-10-05T10:28:23,4,L4-021,,,T1,laptopA,3,WiFi-UB.x,46:d9:e7:fb:08:f8,2412,1,2.4,20,-91.0,,0,60.8,WPA2/3-Enterprise,no,di sudut lantai 4
2026-10-05T10:28:23,4,L4-021,,,T1,laptopA,3,WiFi-UB.x,c0:c7:0a:98:34:d1,5765,153,5,20,-68.0,,21,82.4,WPA2/3-Enterprise,capable,di sudut lantai 4
2026-10-05T10:28:23,4,L4-021,,,T1,laptopA,3,WiFi-UB.x,54:d7:e3:45:51:20,2462,11,2.4,20,-84.0,,,,WPA2/3-Enterprise,no,di sudut lantai 4
2026-10-05T10:28:23,4,L4-021,,,T1,laptopA,3,Hello World!,da:dc:e6:e3:be:97,2462,11,2.4,20,-66.0,,,,WPA2-Personal,no,di sudut lantai 4
2026-10-05T10:28:23,4,L4-021,,,T1,laptopA,3,eduroam,c0:c7:0a:98:34:d0,5765,153,5,20,-73.0,,3,63.5,WPA2/3-Enterprise,capable,di sudut lantai 4
2026-10-05T10:28:23,4,L4-021,,,T1,laptopA,3,FILKOM EVENT,c0:c7:0a:98:34:d2,5765,153,5,20,-73.0,,0,63.5,WPA2-Personal,capable,di sudut lantai 4
2026-10-05T10:28:23,4,L4-021,,,T1,laptopA,3,WiFi-UB.x,c0:c7:0a:98:34:11,5220,44,5,20,-79.0,,28,20.0,WPA2/3-Enterprise,capable,di sudut lantai 4
2026-10-05T10:28:23,4,L4-021,,,T1,laptopA,3,WiFi-UB.x,c0:c7:0a:98:38:b1,5805,161,5,20,-73.0,,25,74.1,WPA2/3-Enterprise,capable,di sudut lantai 4
2026-10-05T10:30:54,4,L4-029,,,T1,laptopA,1,WiFi-UB.x,c0:c7:0a:98:3a:c1,5200,40,5,20,-89.0,,26,56.1,WPA2/3-Enterprise,capable,"ada 1 orang di kelas, scan di dalam ruangan"
2026-10-05T10:30:54,4,L4-029,,,T1,laptopA,1,iwak tempe,32:57:06:f0:e2:25,5220,44,5,20,-83.0,,,,WPA2-Personal,capable,"ada 1 orang di kelas, scan di dalam ruangan"
2026-10-05T10:30:54,4,L4-029,,,T1,laptopA,1,WiFi-UB.x,c8:a6:08:8b:3e:01,5785,157,5,20,-84.0,,38,69.4,WPA2/3-Enterprise,capable,"ada 1 orang di kelas, scan di dalam ruangan"
2026-10-05T10:30:54,4,L4-029,,,T1,laptopA,1,eduroam,c0:c7:0a:98:3a:c0,5200,40,5,20,-88.0,,16,56.1,WPA2/3-Enterprise,capable,"ada 1 orang di kelas, scan di dalam ruangan"
2026-10-05T10:30:54,4,L4-029,,,T1,laptopA,1,hello,aa:a4:5a:17:e6:ba,2427,4,2.4,20,-85.0,,,,Open,no,"ada 1 orang di kelas, scan di dalam ruangan"
2026-10-05T10:30:54,4,L4-029,,,T1,laptopA,1,eduroam,c8:a6:08:8b:3e:00,5785,157,5,20,-84.0,,13,69.4,WPA2/3-Enterprise,capable,"ada 1 orang di kelas, scan di dalam ruangan"
2026-10-05T10:30:54,4,L4-029,,,T1,laptopA,1,,7e:24:25:1a:65:cb,2437,6,2.4,20,-81.0,,,,WPA2-Personal,no,"ada 1 orang di kelas, scan di dalam ruangan"
2026-10-05T10:30:54,4,L4-029,,,T1,laptopA,1,FILKOM EVENT,c0:c7:0a:58:34:12,2412,1,2.4,20,-80.0,,0,18.0,WPA2-Personal,capable,"ada 1 orang di kelas, scan di dalam ruangan"
2026-10-05T10:30:54,4,L4-029,,,T1,laptopA,1,WiFi-UB.x,c0:c7:0a:58:34:11,2412,1,2.4,20,-79.0,,3,18.0,WPA2/3-Enterprise,capable,"ada 1 orang di kelas, scan di dalam ruangan"
2026-10-05T10:30:54,4,L4-029,,,T1,laptopA,1,eduroam,c0:c7:0a:58:34:10,2412,1,2.4,20,-79.0,,1,18.0,WPA2/3-Enterprise,capable,"ada 1 orang di kelas, scan di dalam ruangan"
2026-10-05T10:30:54,4,L4-029,,,T1,laptopA,1,eduroam,c0:c7:0a:58:34:d0,2462,11,2.4,20,-67.0,,0,51.8,WPA2/3-Enterprise,capable,"ada 1 orang di kelas, scan di dalam ruangan"
2026-10-05T10:30:54,4,L4-029,,,T1,laptopA,1,WiFi-UB.x,c0:c7:0a:98:3a:52,5180,36,5,20,-60.0,,31,34.5,WPA2/3-Enterprise,capable,"ada 1 orang di kelas, scan di dalam ruangan"
2026-10-05T10:30:54,4,L4-029,,,T1,laptopA,1,FILKOM EVENT,c0:c7:0a:98:3a:51,5180,36,5,20,-64.0,,2,34.5,WPA2-Personal,capable,"ada 1 orang di kelas, scan di dalam ruangan"
2026-10-05T10:30:54,4,L4-029,,,T1,laptopA,1,FILKOM EVENT,c0:c7:0a:98:34:12,5220,44,5,20,-67.0,,3,34.5,WPA2-Personal,capable,"ada 1 orang di kelas, scan di dalam ruangan"
2026-10-05T10:30:54,4,L4-029,,,T1,laptopA,1,eduroam,c0:c7:0a:98:3a:50,5180,36,5,20,-60.0,,8,34.5,WPA2/3-Enterprise,capable,"ada 1 orang di kelas, scan di dalam ruangan"
2026-10-05T10:30:54,4,L4-029,,,T1,laptopA,1,FILKOM EVENT,c0:c7:0a:98:38:b2,5805,161,5,20,-59.0,,1,31.4,WPA2-Personal,capable,"ada 1 orang di kelas, scan di dalam ruangan"
2026-10-05T10:30:54,4,L4-029,,,T1,laptopA,1,eduroam,c0:c7:0a:98:38:b0,5805,161,5,20,-58.0,,1,31.4,WPA2/3-Enterprise,capable,"ada 1 orang di kelas, scan di dalam ruangan"
2026-10-05T10:30:54,4,L4-029,,,T1,laptopA,1,eduroam,c0:c7:0a:98:34:10,5220,44,5,20,-65.0,,6,34.5,WPA2/3-Enterprise,capable,"ada 1 orang di kelas, scan di dalam ruangan"
2026-10-05T10:30:54,4,L4-029,,,T1,laptopA,1,WiFi-UB.x,54:d7:e3:45:51:20,2462,11,2.4,20,-86.0,,,,WPA2/3-Enterprise,no,"ada 1 orang di kelas, scan di dalam ruangan"
2026-10-05T10:30:54,4,L4-029,,,T1,laptopA,1,eduroam,c0:c7:0a:98:34:d0,5765,153,5,20,-60.0,,4,83.9,WPA2/3-Enterprise,capable,"ada 1 orang di kelas, scan di dalam ruangan"
2026-10-05T10:30:54,4,L4-029,,,T1,laptopA,1,FILKOM EVENT,c0:c7:0a:98:34:d2,5765,153,5,20,-61.0,,1,83.9,WPA2-Personal,capable,"ada 1 orang di kelas, scan di dalam ruangan"
2026-10-05T10:30:54,4,L4-029,,,T1,laptopA,1,WiFi-UB.x,c0:c7:0a:98:34:11,5220,44,5,20,-65.0,,14,34.5,WPA2/3-Enterprise,capable,"ada 1 orang di kelas, scan di dalam ruangan"
2026-10-05T10:30:54,4,L4-029,,,T1,laptopA,1,WiFi-UB.x,c0:c7:0a:98:38:b1,5805,161,5,20,-52.0,,23,31.4,WPA2/3-Enterprise,capable,"ada 1 orang di kelas, scan di dalam ruangan"
2026-10-05T10:31:03,4,L4-029,,,T1,laptopA,2,eduroam,28:b3:71:ab:d3:90,5240,48,5,20,-91.0,,8,86.7,WPA2/3-Enterprise,capable,"ada 1 orang di kelas, scan di dalam ruangan"
2026-10-05T10:31:03,4,L4-029,,,T1,laptopA,2,WiFi-UB.x,c0:c7:0a:98:3a:c1,5200,40,5,20,-86.0,,26,46.3,WPA2/3-Enterprise,capable,"ada 1 orang di kelas, scan di dalam ruangan"
2026-10-05T10:31:03,4,L4-029,,,T1,laptopA,2,"3x - 16 = 20, x = ?",62:20:00:37:ba:e1,2462,11,2.4,20,-83.0,,,,WPA2/WPA3-Personal,capable,"ada 1 orang di kelas, scan di dalam ruangan"
2026-10-05T10:31:03,4,L4-029,,,T1,laptopA,2,WiFi-UB.x,c0:c7:0a:58:34:d2,2462,11,2.4,20,-69.0,,1,39.6,WPA2/3-Enterprise,capable,"ada 1 orang di kelas, scan di dalam ruangan"
2026-10-05T10:31:03,4,L4-029,,,T1,laptopA,2,iwak tempe,32:57:06:f0:e2:25,5220,44,5,20,-83.0,,,,WPA2-Personal,capable,"ada 1 orang di kelas, scan di dalam ruangan"
2026-10-05T10:31:03,4,L4-029,,,T1,laptopA,2,WiFi-UB.x,c8:a6:08:8b:3e:01,5785,157,5,20,-88.0,,39,48.2,WPA2/3-Enterprise,capable,"ada 1 orang di kelas, scan di dalam ruangan"
2026-10-05T10:31:03,4,L4-029,,,T1,laptopA,2,eduroam,c0:c7:0a:98:3a:c0,5200,40,5,20,-86.0,,15,46.3,WPA2/3-Enterprise,capable,"ada 1 orang di kelas, scan di dalam ruangan"
2026-10-05T10:31:03,4,L4-029,,,T1,laptopA,2,hello,aa:a4:5a:17:e6:ba,2427,4,2.4,20,-85.0,,,,Open,no,"ada 1 orang di kelas, scan di dalam ruangan"
2026-10-05T10:31:03,4,L4-029,,,T1,laptopA,2,eduroam,c8:a6:08:8b:3e:00,5785,157,5,20,-84.0,,13,69.4,WPA2/3-Enterprise,capable,"ada 1 orang di kelas, scan di dalam ruangan"
2026-10-05T10:31:03,4,L4-029,,,T1,laptopA,2,,7e:24:25:1a:65:cb,2437,6,2.4,20,-82.0,,,,WPA2-Personal,no,"ada 1 orang di kelas, scan di dalam ruangan"
2026-10-05T10:31:03,4,L4-029,,,T1,laptopA,2,FILKOM EVENT,c0:c7:0a:58:34:12,2412,1,2.4,20,-80.0,,0,18.0,WPA2-Personal,capable,"ada 1 orang di kelas, scan di dalam ruangan"
2026-10-05T10:31:03,4,L4-029,,,T1,laptopA,2,WiFi-UB.x,c0:c7:0a:58:34:11,2412,1,2.4,20,-79.0,,3,18.0,WPA2/3-Enterprise,capable,"ada 1 orang di kelas, scan di dalam ruangan"
2026-10-05T10:31:03,4,L4-029,,,T1,laptopA,2,eduroam,c0:c7:0a:58:34:10,2412,1,2.4,20,-79.0,,1,18.0,WPA2/3-Enterprise,capable,"ada 1 orang di kelas, scan di dalam ruangan"
2026-10-05T10:31:03,4,L4-029,,,T1,laptopA,2,FILKOM EVENT,c0:c7:0a:58:34:d1,2462,11,2.4,20,-69.0,,0,39.6,WPA2-Personal,capable,"ada 1 orang di kelas, scan di dalam ruangan"
2026-10-05T10:31:03,4,L4-029,,,T1,laptopA,2,eduroam,c0:c7:0a:58:34:d0,2462,11,2.4,20,-69.0,,0,39.6,WPA2/3-Enterprise,capable,"ada 1 orang di kelas, scan di dalam ruangan"
2026-10-05T10:31:03,4,L4-029,,,T1,laptopA,2,WiFi-UB.x,c0:c7:0a:98:3a:52,5180,36,5,20,-57.0,,30,57.3,WPA2/3-Enterprise,capable,"ada 1 orang di kelas, scan di dalam ruangan"
2026-10-05T10:31:03,4,L4-029,,,T1,laptopA,2,FILKOM EVENT,c0:c7:0a:98:3a:51,5180,36,5,20,-61.0,,2,57.3,WPA2-Personal,capable,"ada 1 orang di kelas, scan di dalam ruangan"
2026-10-05T10:31:03,4,L4-029,,,T1,laptopA,2,FILKOM EVENT,c0:c7:0a:98:34:12,5220,44,5,20,-70.0,,3,48.6,WPA2-Personal,capable,"ada 1 orang di kelas, scan di dalam ruangan"
2026-10-05T10:31:03,4,L4-029,,,T1,laptopA,2,5i NAUPAL,b6:2d:29:3b:0d:0d,2442,7,2.4,20,-79.0,,,,WPA2-Personal,capable,"ada 1 orang di kelas, scan di dalam ruangan"
2026-10-05T10:31:03,4,L4-029,,,T1,laptopA,2,eduroam,c0:c7:0a:98:3a:50,5180,36,5,20,-57.0,,9,57.3,WPA2/3-Enterprise,capable,"ada 1 orang di kelas, scan di dalam ruangan"
2026-10-05T10:31:03,4,L4-029,,,T1,laptopA,2,FILKOM EVENT,c0:c7:0a:98:38:b2,5805,161,5,20,-56.0,,1,70.6,WPA2-Personal,capable,"ada 1 orang di kelas, scan di dalam ruangan"
2026-10-05T10:31:03,4,L4-029,,,T1,laptopA,2,eduroam,c0:c7:0a:98:38:b0,5805,161,5,20,-55.0,,1,70.6,WPA2/3-Enterprise,capable,"ada 1 orang di kelas, scan di dalam ruangan"
2026-10-05T10:31:03,4,L4-029,,,T1,laptopA,2,eduroam,c0:c7:0a:98:34:10,5220,44,5,20,-69.0,,6,48.6,WPA2/3-Enterprise,capable,"ada 1 orang di kelas, scan di dalam ruangan"
2026-10-05T10:31:03,4,L4-029,,,T1,laptopA,2,WiFi-UB.x,54:d7:e3:45:51:20,2462,11,2.4,20,-86.0,,,,WPA2/3-Enterprise,no,"ada 1 orang di kelas, scan di dalam ruangan"
2026-10-05T10:31:03,4,L4-029,,,T1,laptopA,2,eduroam,c0:c7:0a:98:34:d0,5765,153,5,20,-66.0,,4,87.1,WPA2/3-Enterprise,capable,"ada 1 orang di kelas, scan di dalam ruangan"
2026-10-05T10:31:03,4,L4-029,,,T1,laptopA,2,FILKOM EVENT,c0:c7:0a:98:34:d2,5765,153,5,20,-67.0,,0,87.1,WPA2-Personal,capable,"ada 1 orang di kelas, scan di dalam ruangan"
2026-10-05T10:31:03,4,L4-029,,,T1,laptopA,2,WiFi-UB.x,c0:c7:0a:98:34:11,5220,44,5,20,-69.0,,14,48.6,WPA2/3-Enterprise,capable,"ada 1 orang di kelas, scan di dalam ruangan"
2026-10-05T10:31:03,4,L4-029,,,T1,laptopA,2,WiFi-UB.x,c0:c7:0a:98:38:b1,5805,161,5,20,-56.0,,22,70.6,WPA2/3-Enterprise,capable,"ada 1 orang di kelas, scan di dalam ruangan"
2026-10-05T10:31:12,4,L4-029,,,T1,laptopA,3,FILKOM EVENT,54:d7:e3:45:51:23,2462,11,2.4,20,-74.0,,,,WPA2-Personal,no,"ada 1 orang di kelas, scan di dalam ruangan"
2026-10-05T10:31:12,4,L4-029,,,T1,laptopA,3,WiFi-FILKOM,54:d7:e3:45:51:21,2462,11,2.4,20,-74.0,,,,WPA2/3-Enterprise,no,"ada 1 orang di kelas, scan di dalam ruangan"
2026-10-05T10:31:12,4,L4-029,,,T1,laptopA,3,myECO_KWH,de:4f:22:4e:c7:f3,2412,1,2.4,20,-79.0,,,,Open,no,"ada 1 orang di kelas, scan di dalam ruangan"
2026-10-05T10:31:12,4,L4-029,,,T1,laptopA,3,myECO_LIDAR,de:4f:22:52:89:25,2412,1,2.4,20,-74.0,,,,Open,no,"ada 1 orang di kelas, scan di dalam ruangan"
2026-10-05T10:31:12,4,L4-029,,,T1,laptopA,3,eduroam,28:b3:71:ab:d3:90,5240,48,5,20,-91.0,,8,86.7,WPA2/3-Enterprise,capable,"ada 1 orang di kelas, scan di dalam ruangan"
2026-10-05T10:31:12,4,L4-029,,,T1,laptopA,3,WiFi-UB.x,c0:c7:0a:98:3a:c1,5200,40,5,20,-86.0,,26,46.3,WPA2/3-Enterprise,capable,"ada 1 orang di kelas, scan di dalam ruangan"
2026-10-05T10:31:12,4,L4-029,,,T1,laptopA,3,"3x - 16 = 20, x = ?",62:20:00:37:ba:e1,2462,11,2.4,20,-83.0,,,,WPA2/WPA3-Personal,capable,"ada 1 orang di kelas, scan di dalam ruangan"
2026-10-05T10:31:12,4,L4-029,,,T1,laptopA,3,WiFi-UB.x,c0:c7:0a:58:34:d2,2462,11,2.4,20,-68.0,,1,46.3,WPA2/3-Enterprise,capable,"ada 1 orang di kelas, scan di dalam ruangan"
2026-10-05T10:31:12,4,L4-029,,,T1,laptopA,3,iwak tempe,32:57:06:f0:e2:25,5220,44,5,20,-83.0,,,,WPA2-Personal,capable,"ada 1 orang di kelas, scan di dalam ruangan"
2026-10-05T10:31:12,4,L4-029,,,T1,laptopA,3,WiFi-UB.x,c8:a6:08:8b:3e:01,5785,157,5,20,-88.0,,39,48.2,WPA2/3-Enterprise,capable,"ada 1 orang di kelas, scan di dalam ruangan"
2026-10-05T10:31:12,4,L4-029,,,T1,laptopA,3,eduroam,c0:c7:0a:98:3a:c0,5200,40,5,20,-86.0,,15,46.3,WPA2/3-Enterprise,capable,"ada 1 orang di kelas, scan di dalam ruangan"
2026-10-05T10:31:12,4,L4-029,,,T1,laptopA,3,hello,aa:a4:5a:17:e6:ba,2427,4,2.4,20,-85.0,,,,Open,no,"ada 1 orang di kelas, scan di dalam ruangan"
2026-10-05T10:31:12,4,L4-029,,,T1,laptopA,3,eduroam,c8:a6:08:8b:3e:00,5785,157,5,20,-84.0,,13,69.4,WPA2/3-Enterprise,capable,"ada 1 orang di kelas, scan di dalam ruangan"
2026-10-05T10:31:12,4,L4-029,,,T1,laptopA,3,,7e:24:25:1a:65:cb,2437,6,2.4,20,-82.0,,,,WPA2-Personal,no,"ada 1 orang di kelas, scan di dalam ruangan"
2026-10-05T10:31:12,4,L4-029,,,T1,laptopA,3,FILKOM EVENT,c0:c7:0a:58:34:12,2412,1,2.4,20,-80.0,,0,60.4,WPA2-Personal,capable,"ada 1 orang di kelas, scan di dalam ruangan"
2026-10-05T10:31:12,4,L4-029,,,T1,laptopA,3,WiFi-UB.x,c0:c7:0a:58:34:11,2412,1,2.4,20,-80.0,,3,60.4,WPA2/3-Enterprise,capable,"ada 1 orang di kelas, scan di dalam ruangan"
2026-10-05T10:31:12,4,L4-029,,,T1,laptopA,3,eduroam,c0:c7:0a:58:34:10,2412,1,2.4,20,-80.0,,1,60.4,WPA2/3-Enterprise,capable,"ada 1 orang di kelas, scan di dalam ruangan"
2026-10-05T10:31:12,4,L4-029,,,T1,laptopA,3,FILKOM EVENT,c0:c7:0a:58:34:d1,2462,11,2.4,20,-69.0,,0,46.3,WPA2-Personal,capable,"ada 1 orang di kelas, scan di dalam ruangan"
2026-10-05T10:31:12,4,L4-029,,,T1,laptopA,3,eduroam,c0:c7:0a:58:34:d0,2462,11,2.4,20,-68.0,,0,46.3,WPA2/3-Enterprise,capable,"ada 1 orang di kelas, scan di dalam ruangan"
2026-10-05T10:31:12,4,L4-029,,,T1,laptopA,3,WiFi-UB.x,c0:c7:0a:98:3a:52,5180,36,5,20,-57.0,,30,60.0,WPA2/3-Enterprise,capable,"ada 1 orang di kelas, scan di dalam ruangan"
2026-10-05T10:31:12,4,L4-029,,,T1,laptopA,3,FILKOM EVENT,c0:c7:0a:98:3a:51,5180,36,5,20,-60.0,,3,60.0,WPA2-Personal,capable,"ada 1 orang di kelas, scan di dalam ruangan"
2026-10-05T10:31:12,4,L4-029,,,T1,laptopA,3,FILKOM EVENT,c0:c7:0a:98:34:12,5220,44,5,20,-71.0,,3,36.1,WPA2-Personal,capable,"ada 1 orang di kelas, scan di dalam ruangan"
2026-10-05T10:31:12,4,L4-029,,,T1,laptopA,3,5i NAUPAL,b6:2d:29:3b:0d:0d,2442,7,2.4,20,-79.0,,,,WPA2-Personal,capable,"ada 1 orang di kelas, scan di dalam ruangan"
2026-10-05T10:31:12,4,L4-029,,,T1,laptopA,3,eduroam,c0:c7:0a:98:3a:50,5180,36,5,20,-57.0,,9,60.0,WPA2/3-Enterprise,capable,"ada 1 orang di kelas, scan di dalam ruangan"
2026-10-05T10:31:12,4,L4-029,,,T1,laptopA,3,FILKOM EVENT,c0:c7:0a:98:38:b2,5805,161,5,20,-55.0,,1,73.7,WPA2-Personal,capable,"ada 1 orang di kelas, scan di dalam ruangan"
2026-10-05T10:31:12,4,L4-029,,,T1,laptopA,3,eduroam,c0:c7:0a:98:38:b0,5805,161,5,20,-55.0,,2,73.7,WPA2/3-Enterprise,capable,"ada 1 orang di kelas, scan di dalam ruangan"
2026-10-05T10:31:12,4,L4-029,,,T1,laptopA,3,eduroam,c0:c7:0a:98:34:10,5220,44,5,20,-69.0,,6,36.1,WPA2/3-Enterprise,capable,"ada 1 orang di kelas, scan di dalam ruangan"
2026-10-05T10:31:12,4,L4-029,,,T1,laptopA,3,WiFi-UB.x,54:d7:e3:45:51:20,2462,11,2.4,20,-74.0,,,,WPA2/3-Enterprise,no,"ada 1 orang di kelas, scan di dalam ruangan"
2026-10-05T10:31:12,4,L4-029,,,T1,laptopA,3,eduroam,c0:c7:0a:98:34:d0,5765,153,5,20,-62.0,,3,70.2,WPA2/3-Enterprise,capable,"ada 1 orang di kelas, scan di dalam ruangan"
2026-10-05T10:31:12,4,L4-029,,,T1,laptopA,3,FILKOM EVENT,c0:c7:0a:98:34:d2,5765,153,5,20,-63.0,,0,70.2,WPA2-Personal,capable,"ada 1 orang di kelas, scan di dalam ruangan"
2026-10-05T10:31:12,4,L4-029,,,T1,laptopA,3,WiFi-UB.x,c0:c7:0a:98:34:11,5220,44,5,20,-70.0,,13,36.1,WPA2/3-Enterprise,capable,"ada 1 orang di kelas, scan di dalam ruangan"
2026-10-05T10:31:12,4,L4-029,,,T1,laptopA,3,WiFi-UB.x,c0:c7:0a:98:38:b1,5805,161,5,20,-54.0,,22,42.4,WPA2/3-Enterprise,capable,"ada 1 orang di kelas, scan di dalam ruangan"
2026-10-05T10:32:32,4,L4-020,,,T1,laptopA,1,Hello World!,da:dc:e6:e3:be:97,2462,11,2.4,20,-88.0,,,,WPA2-Personal,no,di koridor
2026-10-05T10:32:32,4,L4-020,,,T1,laptopA,1,FILKOM EVENT,54:d7:e3:45:51:23,2462,11,2.4,20,-74.0,,,,WPA2-Personal,no,di koridor
2026-10-05T10:32:32,4,L4-020,,,T1,laptopA,1,myECO_IR,ca:2b:96:1c:d9:5c,2412,1,2.4,20,-81.0,,,,Open,no,di koridor
2026-10-05T10:32:32,4,L4-020,,,T1,laptopA,1,,c8:5a:9f:ce:72:52,2427,4,2.4,20,-89.0,,0,0.4,WPA2-Personal,no,di koridor
2026-10-05T10:32:32,4,L4-020,,,T1,laptopA,1,WiFi-FILKOM,54:d7:e3:45:51:21,2462,11,2.4,20,-74.0,,,,WPA2/3-Enterprise,no,di koridor
2026-10-05T10:32:32,4,L4-020,,,T1,laptopA,1,myECO_KWH,de:4f:22:4e:c7:f3,2412,1,2.4,20,-79.0,,,,Open,no,di koridor
2026-10-05T10:32:32,4,L4-020,,,T1,laptopA,1,myECO_LIDAR,de:4f:22:52:89:25,2412,1,2.4,20,-74.0,,,,Open,no,di koridor
2026-10-05T10:32:32,4,L4-020,,,T1,laptopA,1,eduroam,28:b3:71:ab:d3:90,5240,48,5,20,-89.0,,8,86.7,WPA2/3-Enterprise,capable,di koridor
2026-10-05T10:32:32,4,L4-020,,,T1,laptopA,1,WiFi-UB.x,c0:c7:0a:98:3a:c1,5200,40,5,20,-86.0,,26,46.3,WPA2/3-Enterprise,capable,di koridor
2026-10-05T10:32:32,4,L4-020,,,T1,laptopA,1,"3x - 16 = 20, x = ?",62:20:00:37:ba:e1,2462,11,2.4,20,-83.0,,,,WPA2/WPA3-Personal,capable,di koridor
2026-10-05T10:32:32,4,L4-020,,,T1,laptopA,1,WiFi-UB.x,c0:c7:0a:58:34:d2,2462,11,2.4,20,-79.0,,1,58.4,WPA2/3-Enterprise,capable,di koridor
2026-10-05T10:32:32,4,L4-020,,,T1,laptopA,1,iwak tempe,32:57:06:f0:e2:25,5220,44,5,20,-83.0,,,,WPA2-Personal,capable,di koridor
2026-10-05T10:32:32,4,L4-020,,,T1,laptopA,1,WiFi-UB.x,c8:a6:08:8b:3e:01,5785,157,5,20,-88.0,,39,48.2,WPA2/3-Enterprise,capable,di koridor
2026-10-05T10:32:32,4,L4-020,,,T1,laptopA,1,eduroam,c0:c7:0a:98:3a:c0,5200,40,5,20,-86.0,,15,46.3,WPA2/3-Enterprise,capable,di koridor
2026-10-05T10:32:32,4,L4-020,,,T1,laptopA,1,hello,aa:a4:5a:17:e6:ba,2427,4,2.4,20,-85.0,,,,Open,no,di koridor
2026-10-05T10:32:32,4,L4-020,,,T1,laptopA,1,eduroam,c8:a6:08:8b:3e:00,5785,157,5,20,-84.0,,13,69.4,WPA2/3-Enterprise,capable,di koridor
2026-10-05T10:32:32,4,L4-020,,,T1,laptopA,1,,7e:24:25:1a:65:cb,2437,6,2.4,20,-82.0,,,,WPA2-Personal,no,di koridor
2026-10-05T10:32:32,4,L4-020,,,T1,laptopA,1,FILKOM EVENT,c0:c7:0a:58:34:12,2412,1,2.4,20,-80.0,,0,60.4,WPA2-Personal,capable,di koridor
2026-10-05T10:32:32,4,L4-020,,,T1,laptopA,1,WiFi-UB.x,c0:c7:0a:58:34:11,2412,1,2.4,20,-80.0,,3,60.4,WPA2/3-Enterprise,capable,di koridor
2026-10-05T10:32:32,4,L4-020,,,T1,laptopA,1,eduroam,c0:c7:0a:58:34:10,2412,1,2.4,20,-80.0,,1,60.4,WPA2/3-Enterprise,capable,di koridor
2026-10-05T10:32:32,4,L4-020,,,T1,laptopA,1,FILKOM EVENT,c0:c7:0a:58:34:d1,2462,11,2.4,20,-83.0,,0,30.2,WPA2-Personal,capable,di koridor
2026-10-05T10:32:32,4,L4-020,,,T1,laptopA,1,eduroam,c0:c7:0a:58:34:d0,2462,11,2.4,20,-82.0,,0,30.2,WPA2/3-Enterprise,capable,di koridor
2026-10-05T10:32:32,4,L4-020,,,T1,laptopA,1,WiFi-UB.x,c0:c7:0a:98:3a:52,5180,36,5,20,-60.0,,33,48.6,WPA2/3-Enterprise,capable,di koridor
2026-10-05T10:32:32,4,L4-020,,,T1,laptopA,1,FILKOM EVENT,c0:c7:0a:98:3a:51,5180,36,5,20,-64.0,,3,48.6,WPA2-Personal,capable,di koridor
2026-10-05T10:32:32,4,L4-020,,,T1,laptopA,1,FILKOM EVENT,c0:c7:0a:98:34:12,5220,44,5,20,-80.0,,2,55.7,WPA2-Personal,capable,di koridor
2026-10-05T10:32:32,4,L4-020,,,T1,laptopA,1,5i NAUPAL,b6:2d:29:3b:0d:0d,2442,7,2.4,20,-79.0,,,,WPA2-Personal,capable,di koridor
2026-10-05T10:32:32,4,L4-020,,,T1,laptopA,1,eduroam,c0:c7:0a:98:3a:50,5180,36,5,20,-60.0,,8,48.6,WPA2/3-Enterprise,capable,di koridor
2026-10-05T10:32:32,4,L4-020,,,T1,laptopA,1,FILKOM EVENT,c0:c7:0a:98:38:b2,5805,161,5,20,-71.0,,1,73.7,WPA2-Personal,capable,di koridor
2026-10-05T10:32:32,4,L4-020,,,T1,laptopA,1,eduroam,c0:c7:0a:98:38:b0,5805,161,5,20,-61.0,,2,73.7,WPA2/3-Enterprise,capable,di koridor
2026-10-05T10:32:32,4,L4-020,,,T1,laptopA,1,eduroam,c0:c7:0a:98:34:10,5220,44,5,20,-78.0,,9,55.7,WPA2/3-Enterprise,capable,di koridor
2026-10-05T10:32:32,4,L4-020,,,T1,laptopA,1,WiFi-UB.x,54:d7:e3:45:51:20,2462,11,2.4,20,-74.0,,,,WPA2/3-Enterprise,no,di koridor
2026-10-05T10:32:32,4,L4-020,,,T1,laptopA,1,eduroam,c0:c7:0a:98:34:d0,5765,153,5,20,-62.0,,3,70.2,WPA2/3-Enterprise,capable,di koridor
2026-10-05T10:32:32,4,L4-020,,,T1,laptopA,1,FILKOM EVENT,c0:c7:0a:98:34:d2,5765,153,5,20,-63.0,,0,70.2,WPA2-Personal,capable,di koridor
2026-10-05T10:32:32,4,L4-020,,,T1,laptopA,1,WiFi-UB.x,c0:c7:0a:98:34:11,5220,44,5,20,-79.0,,19,55.7,WPA2/3-Enterprise,capable,di koridor
2026-10-05T10:32:32,4,L4-020,,,T1,laptopA,1,WiFi-UB.x,c0:c7:0a:98:38:b1,5805,161,5,20,-61.0,,24,45.9,WPA2/3-Enterprise,capable,di koridor
2026-10-05T10:32:41,4,L4-020,,,T1,laptopA,2,WiFi-UB.x,c0:c7:0a:98:34:d1,5765,153,5,20,-61.0,,18,82.7,WPA2/3-Enterprise,capable,di koridor
2026-10-05T10:32:41,4,L4-020,,,T1,laptopA,2,OPPO A16,ea:88:83:dd:f0:40,2437,6,2.4,20,-84.0,,,,WPA2-Personal,no,di koridor
2026-10-05T10:32:41,4,L4-020,,,T1,laptopA,2,Hello World!,da:dc:e6:e3:be:97,2462,11,2.4,20,-88.0,,,,WPA2-Personal,no,di koridor
2026-10-05T10:32:41,4,L4-020,,,T1,laptopA,2,FILKOM EVENT,54:d7:e3:45:51:23,2462,11,2.4,20,-74.0,,,,WPA2-Personal,no,di koridor
2026-10-05T10:32:41,4,L4-020,,,T1,laptopA,2,myECO_IR,ca:2b:96:1c:d9:5c,2412,1,2.4,20,-81.0,,,,Open,no,di koridor
2026-10-05T10:32:41,4,L4-020,,,T1,laptopA,2,,c8:5a:9f:ce:72:52,2427,4,2.4,20,-89.0,,0,0.4,WPA2-Personal,no,di koridor
2026-10-05T10:32:41,4,L4-020,,,T1,laptopA,2,WiFi-FILKOM,54:d7:e3:45:51:21,2462,11,2.4,20,-74.0,,,,WPA2/3-Enterprise,no,di koridor
2026-10-05T10:32:41,4,L4-020,,,T1,laptopA,2,myECO_KWH,de:4f:22:4e:c7:f3,2412,1,2.4,20,-79.0,,,,Open,no,di koridor
2026-10-05T10:32:41,4,L4-020,,,T1,laptopA,2,myECO_LIDAR,de:4f:22:52:89:25,2412,1,2.4,20,-74.0,,,,Open,no,di koridor
2026-10-05T10:32:41,4,L4-020,,,T1,laptopA,2,eduroam,28:b3:71:ab:d3:90,5240,48,5,20,-89.0,,8,86.7,WPA2/3-Enterprise,capable,di koridor
2026-10-05T10:32:41,4,L4-020,,,T1,laptopA,2,WiFi-UB.x,c0:c7:0a:98:3a:c1,5200,40,5,20,-86.0,,26,46.3,WPA2/3-Enterprise,capable,di koridor
2026-10-05T10:32:41,4,L4-020,,,T1,laptopA,2,"3x - 16 = 20, x = ?",62:20:00:37:ba:e1,2462,11,2.4,20,-80.0,,,,WPA2/WPA3-Personal,capable,di koridor
2026-10-05T10:32:41,4,L4-020,,,T1,laptopA,2,WiFi-UB.x,c0:c7:0a:58:34:d2,2462,11,2.4,20,-70.0,,1,63.5,WPA2/3-Enterprise,capable,di koridor
2026-10-05T10:32:41,4,L4-020,,,T1,laptopA,2,iwak tempe,32:57:06:f0:e2:25,5220,44,5,20,-83.0,,,,WPA2-Personal,capable,di koridor
2026-10-05T10:32:41,4,L4-020,,,T1,laptopA,2,WiFi-UB.x,c8:a6:08:8b:3e:01,5785,157,5,20,-88.0,,39,48.2,WPA2/3-Enterprise,capable,di koridor
2026-10-05T10:32:41,4,L4-020,,,T1,laptopA,2,eduroam,c0:c7:0a:98:3a:c0,5200,40,5,20,-86.0,,15,46.3,WPA2/3-Enterprise,capable,di koridor
2026-10-05T10:32:41,4,L4-020,,,T1,laptopA,2,hello,aa:a4:5a:17:e6:ba,2427,4,2.4,20,-85.0,,,,Open,no,di koridor
2026-10-05T10:32:41,4,L4-020,,,T1,laptopA,2,eduroam,c8:a6:08:8b:3e:00,5785,157,5,20,-84.0,,13,69.4,WPA2/3-Enterprise,capable,di koridor
2026-10-05T10:32:41,4,L4-020,,,T1,laptopA,2,,7e:24:25:1a:65:cb,2437,6,2.4,20,-82.0,,,,WPA2-Personal,no,di koridor
2026-10-05T10:32:41,4,L4-020,,,T1,laptopA,2,FILKOM EVENT,c0:c7:0a:58:34:12,2412,1,2.4,20,-83.0,,0,49.8,WPA2-Personal,capable,di koridor
2026-10-05T10:32:41,4,L4-020,,,T1,laptopA,2,WiFi-UB.x,c0:c7:0a:58:34:11,2412,1,2.4,20,-82.0,,3,49.8,WPA2/3-Enterprise,capable,di koridor
2026-10-05T10:32:41,4,L4-020,,,T1,laptopA,2,eduroam,c0:c7:0a:58:34:10,2412,1,2.4,20,-82.0,,0,49.8,WPA2/3-Enterprise,capable,di koridor
2026-10-05T10:32:41,4,L4-020,,,T1,laptopA,2,FILKOM EVENT,c0:c7:0a:58:34:d1,2462,11,2.4,20,-71.0,,0,63.5,WPA2-Personal,capable,di koridor
2026-10-05T10:32:41,4,L4-020,,,T1,laptopA,2,eduroam,c0:c7:0a:58:34:d0,2462,11,2.4,20,-70.0,,1,63.5,WPA2/3-Enterprise,capable,di koridor
2026-10-05T10:32:41,4,L4-020,,,T1,laptopA,2,WiFi-UB.x,c0:c7:0a:98:3a:52,5180,36,5,20,-59.0,,36,54.9,WPA2/3-Enterprise,capable,di koridor
2026-10-05T10:32:41,4,L4-020,,,T1,laptopA,2,FILKOM EVENT,c0:c7:0a:98:3a:51,5180,36,5,20,-62.0,,3,54.9,WPA2-Personal,capable,di koridor
2026-10-05T10:32:41,4,L4-020,,,T1,laptopA,2,FILKOM EVENT,c0:c7:0a:98:34:12,5220,44,5,20,-78.0,,2,47.1,WPA2-Personal,capable,di koridor
2026-10-05T10:32:41,4,L4-020,,,T1,laptopA,2,5i NAUPAL,b6:2d:29:3b:0d:0d,2442,7,2.4,20,-79.0,,,,WPA2-Personal,capable,di koridor
2026-10-05T10:32:41,4,L4-020,,,T1,laptopA,2,eduroam,c0:c7:0a:98:3a:50,5180,36,5,20,-59.0,,8,54.9,WPA2/3-Enterprise,capable,di koridor
2026-10-05T10:32:41,4,L4-020,,,T1,laptopA,2,FILKOM EVENT,c0:c7:0a:98:38:b2,5805,161,5,20,-64.0,,2,11.0,WPA2-Personal,capable,di koridor
2026-10-05T10:32:41,4,L4-020,,,T1,laptopA,2,eduroam,c0:c7:0a:98:38:b0,5805,161,5,20,-63.0,,4,11.0,WPA2/3-Enterprise,capable,di koridor
2026-10-05T10:32:41,4,L4-020,,,T1,laptopA,2,eduroam,c0:c7:0a:98:34:10,5220,44,5,20,-76.0,,10,47.1,WPA2/3-Enterprise,capable,di koridor
2026-10-05T10:32:41,4,L4-020,,,T1,laptopA,2,WiFi-UB.x,54:d7:e3:45:51:20,2462,11,2.4,20,-74.0,,,,WPA2/3-Enterprise,no,di koridor
2026-10-05T10:32:41,4,L4-020,,,T1,laptopA,2,eduroam,c0:c7:0a:98:34:d0,5765,153,5,20,-61.0,,4,82.7,WPA2/3-Enterprise,capable,di koridor
2026-10-05T10:32:41,4,L4-020,,,T1,laptopA,2,FILKOM EVENT,c0:c7:0a:98:34:d2,5765,153,5,20,-62.0,,0,82.7,WPA2-Personal,capable,di koridor
2026-10-05T10:32:41,4,L4-020,,,T1,laptopA,2,WiFi-UB.x,c0:c7:0a:98:34:11,5220,44,5,20,-76.0,,17,47.1,WPA2/3-Enterprise,capable,di koridor
2026-10-05T10:32:41,4,L4-020,,,T1,laptopA,2,WiFi-UB.x,c0:c7:0a:98:38:b1,5805,161,5,20,-62.0,,24,14.1,WPA2/3-Enterprise,capable,di koridor
2026-10-05T10:32:50,4,L4-020,,,T1,laptopA,3,WiFi-UB.x,c0:c7:0a:98:34:d1,5765,153,5,20,-59.0,,17,63.1,WPA2/3-Enterprise,capable,di koridor
2026-10-05T10:32:50,4,L4-020,,,T1,laptopA,3,OPPO A16,ea:88:83:dd:f0:40,2437,6,2.4,20,-84.0,,,,WPA2-Personal,no,di koridor
2026-10-05T10:32:50,4,L4-020,,,T1,laptopA,3,Hello World!,da:dc:e6:e3:be:97,2462,11,2.4,20,-82.0,,,,WPA2-Personal,no,di koridor
2026-10-05T10:32:50,4,L4-020,,,T1,laptopA,3,FILKOM EVENT,54:d7:e3:45:51:23,2462,11,2.4,20,-74.0,,,,WPA2-Personal,no,di koridor
2026-10-05T10:32:50,4,L4-020,,,T1,laptopA,3,myECO_IR,ca:2b:96:1c:d9:5c,2412,1,2.4,20,-81.0,,,,Open,no,di koridor
2026-10-05T10:32:50,4,L4-020,,,T1,laptopA,3,,c8:5a:9f:ce:72:52,2427,4,2.4,20,-89.0,,0,0.4,WPA2-Personal,no,di koridor
2026-10-05T10:32:50,4,L4-020,,,T1,laptopA,3,WiFi-FILKOM,54:d7:e3:45:51:21,2462,11,2.4,20,-74.0,,,,WPA2/3-Enterprise,no,di koridor
2026-10-05T10:32:50,4,L4-020,,,T1,laptopA,3,myECO_KWH,de:4f:22:4e:c7:f3,2412,1,2.4,20,-79.0,,,,Open,no,di koridor
2026-10-05T10:32:50,4,L4-020,,,T1,laptopA,3,myECO_LIDAR,de:4f:22:52:89:25,2412,1,2.4,20,-73.0,,,,Open,no,di koridor
2026-10-05T10:32:50,4,L4-020,,,T1,laptopA,3,eduroam,28:b3:71:ab:d3:90,5240,48,5,20,-89.0,,8,86.7,WPA2/3-Enterprise,capable,di koridor
2026-10-05T10:32:50,4,L4-020,,,T1,laptopA,3,WiFi-UB.x,c0:c7:0a:98:3a:c1,5200,40,5,20,-86.0,,26,46.3,WPA2/3-Enterprise,capable,di koridor
2026-10-05T10:32:50,4,L4-020,,,T1,laptopA,3,"3x - 16 = 20, x = ?",62:20:00:37:ba:e1,2462,11,2.4,20,-80.0,,,,WPA2/WPA3-Personal,capable,di koridor
2026-10-05T10:32:50,4,L4-020,,,T1,laptopA,3,WiFi-UB.x,c0:c7:0a:58:34:d2,2462,11,2.4,20,-76.0,,1,77.6,WPA2/3-Enterprise,capable,di koridor
2026-10-05T10:32:50,4,L4-020,,,T1,laptopA,3,iwak tempe,32:57:06:f0:e2:25,5220,44,5,20,-83.0,,,,WPA2-Personal,capable,di koridor
2026-10-05T10:32:50,4,L4-020,,,T1,laptopA,3,WiFi-UB.x,c8:a6:08:8b:3e:01,5785,157,5,20,-85.0,,44,53.3,WPA2/3-Enterprise,capable,di koridor
2026-10-05T10:32:50,4,L4-020,,,T1,laptopA,3,eduroam,c0:c7:0a:98:3a:c0,5200,40,5,20,-86.0,,15,46.3,WPA2/3-Enterprise,capable,di koridor
2026-10-05T10:32:50,4,L4-020,,,T1,laptopA,3,hello,aa:a4:5a:17:e6:ba,2427,4,2.4,20,-85.0,,,,Open,no,di koridor
2026-10-05T10:32:50,4,L4-020,,,T1,laptopA,3,eduroam,c8:a6:08:8b:3e:00,5785,157,5,20,-85.0,,14,53.3,WPA2/3-Enterprise,capable,di koridor
2026-10-05T10:32:50,4,L4-020,,,T1,laptopA,3,,7e:24:25:1a:65:cb,2437,6,2.4,20,-82.0,,,,WPA2-Personal,no,di koridor
2026-10-05T10:32:50,4,L4-020,,,T1,laptopA,3,FILKOM EVENT,c0:c7:0a:58:34:12,2412,1,2.4,20,-83.0,,0,49.8,WPA2-Personal,capable,di koridor
2026-10-05T10:32:50,4,L4-020,,,T1,laptopA,3,WiFi-UB.x,c0:c7:0a:58:34:11,2412,1,2.4,20,-87.0,,3,59.6,WPA2/3-Enterprise,capable,di koridor
2026-10-05T10:32:50,4,L4-020,,,T1,laptopA,3,eduroam,c0:c7:0a:58:34:10,2412,1,2.4,20,-86.0,,0,59.6,WPA2/3-Enterprise,capable,di koridor
2026-10-05T10:32:50,4,L4-020,,,T1,laptopA,3,FILKOM EVENT,c0:c7:0a:58:34:d1,2462,11,2.4,20,-77.0,,0,77.6,WPA2-Personal,capable,di koridor
2026-10-05T10:32:50,4,L4-020,,,T1,laptopA,3,eduroam,c0:c7:0a:58:34:d0,2462,11,2.4,20,-75.0,,1,77.6,WPA2/3-Enterprise,capable,di koridor
2026-10-05T10:32:50,4,L4-020,,,T1,laptopA,3,WiFi-UB.x,c0:c7:0a:98:3a:52,5180,36,5,20,-52.0,,36,53.3,WPA2/3-Enterprise,capable,di koridor
2026-10-05T10:32:50,4,L4-020,,,T1,laptopA,3,FILKOM EVENT,c0:c7:0a:98:3a:51,5180,36,5,20,-56.0,,3,53.3,WPA2-Personal,capable,di koridor
2026-10-05T10:32:50,4,L4-020,,,T1,laptopA,3,FILKOM EVENT,c0:c7:0a:98:34:12,5220,44,5,20,-72.0,,2,40.0,WPA2-Personal,capable,di koridor
2026-10-05T10:32:50,4,L4-020,,,T1,laptopA,3,5i NAUPAL,b6:2d:29:3b:0d:0d,2442,7,2.4,20,-79.0,,,,WPA2-Personal,capable,di koridor
2026-10-05T10:32:50,4,L4-020,,,T1,laptopA,3,eduroam,c0:c7:0a:98:3a:50,5180,36,5,20,-52.0,,8,53.3,WPA2/3-Enterprise,capable,di koridor
2026-10-05T10:32:50,4,L4-020,,,T1,laptopA,3,FILKOM EVENT,c0:c7:0a:98:38:b2,5805,161,5,20,-66.0,,2,22.7,WPA2-Personal,capable,di koridor
2026-10-05T10:32:50,4,L4-020,,,T1,laptopA,3,eduroam,c0:c7:0a:98:38:b0,5805,161,5,20,-66.0,,4,22.7,WPA2/3-Enterprise,capable,di koridor
2026-10-05T10:32:50,4,L4-020,,,T1,laptopA,3,eduroam,c0:c7:0a:98:34:10,5220,44,5,20,-71.0,,11,40.0,WPA2/3-Enterprise,capable,di koridor
2026-10-05T10:32:50,4,L4-020,,,T1,laptopA,3,WiFi-UB.x,54:d7:e3:45:51:20,2462,11,2.4,20,-74.0,,,,WPA2/3-Enterprise,no,di koridor
2026-10-05T10:32:50,4,L4-020,,,T1,laptopA,3,eduroam,c0:c7:0a:98:34:d0,5765,153,5,20,-59.0,,4,63.1,WPA2/3-Enterprise,capable,di koridor
2026-10-05T10:32:50,4,L4-020,,,T1,laptopA,3,FILKOM EVENT,c0:c7:0a:98:34:d2,5765,153,5,20,-60.0,,0,63.1,WPA2-Personal,capable,di koridor
2026-10-05T10:32:50,4,L4-020,,,T1,laptopA,3,WiFi-UB.x,c0:c7:0a:98:34:11,5220,44,5,20,-71.0,,16,40.0,WPA2/3-Enterprise,capable,di koridor
2026-10-05T10:32:50,4,L4-020,,,T1,laptopA,3,WiFi-UB.x,c0:c7:0a:98:38:b1,5805,161,5,20,-64.0,,24,22.7,WPA2/3-Enterprise,capable,di koridor
2026-10-05T10:34:18,4,L4-019,,,T1,laptopA,1,WiFi-UB.x,c0:c7:0a:98:34:d1,5765,153,5,20,-59.0,,17,63.1,WPA2/3-Enterprise,capable,"di sudut lantai 4, pintu terbuka"
2026-10-05T10:34:18,4,L4-019,,,T1,laptopA,1,WiFi-UB.x,0a:b8:e6:d9:af:f1,2412,1,2.4,20,-88.0,,,,WPA2/3-Enterprise,no,"di sudut lantai 4, pintu terbuka"
2026-10-05T10:34:18,4,L4-019,,,T1,laptopA,1,WiFi-UB.x,ec:bd:1d:af:f6:70,2412,1,2.4,20,-81.0,,1,36.9,WPA2/3-Enterprise,no,"di sudut lantai 4, pintu terbuka"
2026-10-05T10:34:18,4,L4-019,,,T1,laptopA,1,WiFi-UB.x,c0:c7:0a:58:34:d2,2462,11,2.4,20,-74.0,,3,43.5,WPA2/3-Enterprise,capable,"di sudut lantai 4, pintu terbuka"
2026-10-05T10:34:18,4,L4-019,,,T1,laptopA,1,WiFi-UB.x,c8:a6:08:8b:3e:01,5785,157,5,20,-85.0,,44,53.3,WPA2/3-Enterprise,capable,"di sudut lantai 4, pintu terbuka"
2026-10-05T10:34:18,4,L4-019,,,T1,laptopA,1,WiFi-UB.x,c0:c7:0a:58:34:11,2412,1,2.4,20,-87.0,,3,59.6,WPA2/3-Enterprise,capable,"di sudut lantai 4, pintu terbuka"
2026-10-05T10:34:18,4,L4-019,,,T1,laptopA,1,WiFi-UB.x,c0:c7:0a:98:3a:52,5180,36,5,20,-63.0,,39,78.0,WPA2/3-Enterprise,capable,"di sudut lantai 4, pintu terbuka"
2026-10-05T10:34:18,4,L4-019,,,T1,laptopA,1,WiFi-UB.x,c0:c7:0a:98:34:11,5220,44,5,20,-87.0,,23,48.2,WPA2/3-Enterprise,capable,"di sudut lantai 4, pintu terbuka"
2026-10-05T10:34:18,4,L4-019,,,T1,laptopA,1,WiFi-UB.x,c0:c7:0a:98:38:b1,5805,161,5,20,-79.0,,22,32.5,WPA2/3-Enterprise,capable,"di sudut lantai 4, pintu terbuka"
2026-10-05T10:34:18,4,L4-019,,,T1,laptopA,1,DIRECT-NKTOBTOBmsL8,4e:50:dd:3d:4b:8a,5220,44,5,20,-75.0,,,,WPA2-Personal,no,"di sudut lantai 4, pintu terbuka"
2026-10-05T10:34:18,4,L4-019,,,T1,laptopA,1,eduroam,0e:b8:e6:d9:af:f1,2412,1,2.4,20,-90.0,,,,WPA2/3-Enterprise,no,"di sudut lantai 4, pintu terbuka"
2026-10-05T10:34:18,4,L4-019,,,T1,laptopA,1,OPPO A16,ea:88:83:dd:f0:40,2437,6,2.4,20,-82.0,,,,WPA2-Personal,no,"di sudut lantai 4, pintu terbuka"
2026-10-05T10:34:18,4,L4-019,,,T1,laptopA,1,Hello World!,da:dc:e6:e3:be:97,2462,11,2.4,20,-82.0,,,,WPA2-Personal,no,"di sudut lantai 4, pintu terbuka"
2026-10-05T10:34:18,4,L4-019,,,T1,laptopA,1,myECO_IR,ca:2b:96:1c:d9:5c,2412,1,2.4,20,-81.0,,,,Open,no,"di sudut lantai 4, pintu terbuka"
2026-10-05T10:34:18,4,L4-019,,,T1,laptopA,1,myECO_LIDAR,de:4f:22:52:89:25,2412,1,2.4,20,-73.0,,,,Open,no,"di sudut lantai 4, pintu terbuka"
2026-10-05T10:34:18,4,L4-019,,,T1,laptopA,1,"3x - 16 = 20, x = ?",62:20:00:37:ba:e1,2462,11,2.4,20,-78.0,,,,WPA2/WPA3-Personal,capable,"di sudut lantai 4, pintu terbuka"
2026-10-05T10:34:18,4,L4-019,,,T1,laptopA,1,eduroam,c8:a6:08:8b:3e:00,5785,157,5,20,-85.0,,14,53.3,WPA2/3-Enterprise,capable,"di sudut lantai 4, pintu terbuka"
2026-10-05T10:34:18,4,L4-019,,,T1,laptopA,1,FILKOM EVENT,c0:c7:0a:58:34:12,2412,1,2.4,20,-83.0,,0,49.8,WPA2-Personal,capable,"di sudut lantai 4, pintu terbuka"
2026-10-05T10:34:18,4,L4-019,,,T1,laptopA,1,eduroam,c0:c7:0a:58:34:10,2412,1,2.4,20,-86.0,,0,59.6,WPA2/3-Enterprise,capable,"di sudut lantai 4, pintu terbuka"
2026-10-05T10:34:18,4,L4-019,,,T1,laptopA,1,FILKOM EVENT,c0:c7:0a:58:34:d1,2462,11,2.4,20,-75.0,,0,43.5,WPA2-Personal,capable,"di sudut lantai 4, pintu terbuka"
2026-10-05T10:34:18,4,L4-019,,,T1,laptopA,1,eduroam,c0:c7:0a:58:34:d0,2462,11,2.4,20,-74.0,,1,43.5,WPA2/3-Enterprise,capable,"di sudut lantai 4, pintu terbuka"
2026-10-05T10:34:18,4,L4-019,,,T1,laptopA,1,FILKOM EVENT,c0:c7:0a:98:3a:51,5180,36,5,20,-66.0,,2,75.7,WPA2-Personal,capable,"di sudut lantai 4, pintu terbuka"
2026-10-05T10:34:18,4,L4-019,,,T1,laptopA,1,FILKOM EVENT,c0:c7:0a:98:34:12,5220,44,5,20,-72.0,,2,40.0,WPA2-Personal,capable,"di sudut lantai 4, pintu terbuka"
2026-10-05T10:34:18,4,L4-019,,,T1,laptopA,1,eduroam,c0:c7:0a:98:3a:50,5180,36,5,20,-63.0,,10,75.7,WPA2/3-Enterprise,capable,"di sudut lantai 4, pintu terbuka"
2026-10-05T10:34:18,4,L4-019,,,T1,laptopA,1,FILKOM EVENT,c0:c7:0a:98:38:b2,5805,161,5,20,-77.0,,2,22.7,WPA2-Personal,capable,"di sudut lantai 4, pintu terbuka"
2026-10-05T10:34:18,4,L4-019,,,T1,laptopA,1,eduroam,c0:c7:0a:98:38:b0,5805,161,5,20,-66.0,,4,22.7,WPA2/3-Enterprise,capable,"di sudut lantai 4, pintu terbuka"
2026-10-05T10:34:18,4,L4-019,,,T1,laptopA,1,eduroam,c0:c7:0a:98:34:10,5220,44,5,20,-87.0,,8,48.2,WPA2/3-Enterprise,capable,"di sudut lantai 4, pintu terbuka"
2026-10-05T10:34:18,4,L4-019,,,T1,laptopA,1,eduroam,c0:c7:0a:98:34:d0,5765,153,5,20,-65.0,,4,64.7,WPA2/3-Enterprise,capable,"di sudut lantai 4, pintu terbuka"
2026-10-05T10:34:18,4,L4-019,,,T1,laptopA,1,FILKOM EVENT,c0:c7:0a:98:34:d2,5765,153,5,20,-66.0,,0,64.7,WPA2-Personal,capable,"di sudut lantai 4, pintu terbuka"
2026-10-05T10:34:27,4,L4-019,,,T1,laptopA,2,DIRECT-NKTOBTOBmsL8,4e:50:dd:3d:4b:8a,5220,44,5,20,-75.0,,,,WPA2-Personal,no,"di sudut lantai 4, pintu terbuka"
2026-10-05T10:34:27,4,L4-019,,,T1,laptopA,2,eduroam,34:8f:27:04:98:a8,2462,11,2.4,20,-87.0,,0,28.6,WPA2/3-Enterprise,no,"di sudut lantai 4, pintu terbuka"
2026-10-05T10:34:27,4,L4-019,,,T1,laptopA,2,FILKOM EVENT,ec:bd:1d:af:f6:73,2412,1,2.4,20,-85.0,,1,45.1,WPA2-Personal,no,"di sudut lantai 4, pintu terbuka"
2026-10-05T10:34:27,4,L4-019,,,T1,laptopA,2,eduroam,0e:b8:e6:d9:af:f1,2412,1,2.4,20,-90.0,,,,WPA2/3-Enterprise,no,"di sudut lantai 4, pintu terbuka"
2026-10-05T10:34:27,4,L4-019,,,T1,laptopA,2,WiFi-UB.x,c0:c7:0a:98:34:d1,5765,153,5,20,-59.0,,17,63.1,WPA2/3-Enterprise,capable,"di sudut lantai 4, pintu terbuka"
2026-10-05T10:34:27,4,L4-019,,,T1,laptopA,2,WiFi-UB.x,0a:b8:e6:d9:af:f1,2412,1,2.4,20,-88.0,,,,WPA2/3-Enterprise,no,"di sudut lantai 4, pintu terbuka"
2026-10-05T10:34:27,4,L4-019,,,T1,laptopA,2,OPPO A16,ea:88:83:dd:f0:40,2437,6,2.4,20,-83.0,,,,WPA2-Personal,no,"di sudut lantai 4, pintu terbuka"
2026-10-05T10:34:27,4,L4-019,,,T1,laptopA,2,WiFi-UB.x,ec:bd:1d:af:f6:70,2412,1,2.4,20,-84.0,,1,45.1,WPA2/3-Enterprise,no,"di sudut lantai 4, pintu terbuka"
2026-10-05T10:34:27,4,L4-019,,,T1,laptopA,2,WiFi-UB.x,34:8f:27:44:98:a8,2462,11,2.4,20,-87.0,,5,28.6,WPA2/3-Enterprise,no,"di sudut lantai 4, pintu terbuka"
2026-10-05T10:34:27,4,L4-019,,,T1,laptopA,2,Hello World!,da:dc:e6:e3:be:97,2462,11,2.4,20,-82.0,,,,WPA2-Personal,no,"di sudut lantai 4, pintu terbuka"
2026-10-05T10:34:27,4,L4-019,,,T1,laptopA,2,myECO_LIDAR,de:4f:22:52:89:25,2412,1,2.4,20,-73.0,,,,Open,no,"di sudut lantai 4, pintu terbuka"
2026-10-05T10:34:27,4,L4-019,,,T1,laptopA,2,"3x - 16 = 20, x = ?",62:20:00:37:ba:e1,2462,11,2.4,20,-78.0,,,,WPA2/WPA3-Personal,capable,"di sudut lantai 4, pintu terbuka"
2026-10-05T10:34:27,4,L4-019,,,T1,laptopA,2,WiFi-UB.x,c0:c7:0a:58:34:d2,2462,11,2.4,20,-77.0,,4,47.5,WPA2/3-Enterprise,capable,"di sudut lantai 4, pintu terbuka"
2026-10-05T10:34:27,4,L4-019,,,T1,laptopA,2,WiFi-UB.x,c8:a6:08:8b:3e:01,5785,157,5,20,-85.0,,44,53.3,WPA2/3-Enterprise,capable,"di sudut lantai 4, pintu terbuka"
2026-10-05T10:34:27,4,L4-019,,,T1,laptopA,2,eduroam,c8:a6:08:8b:3e:00,5785,157,5,20,-85.0,,14,53.3,WPA2/3-Enterprise,capable,"di sudut lantai 4, pintu terbuka"
2026-10-05T10:34:27,4,L4-019,,,T1,laptopA,2,FILKOM EVENT,c0:c7:0a:58:34:12,2412,1,2.4,20,-83.0,,0,49.8,WPA2-Personal,capable,"di sudut lantai 4, pintu terbuka"
2026-10-05T10:34:27,4,L4-019,,,T1,laptopA,2,WiFi-UB.x,c0:c7:0a:58:34:11,2412,1,2.4,20,-87.0,,3,59.6,WPA2/3-Enterprise,capable,"di sudut lantai 4, pintu terbuka"
2026-10-05T10:34:27,4,L4-019,,,T1,laptopA,2,eduroam,c0:c7:0a:58:34:10,2412,1,2.4,20,-86.0,,0,59.6,WPA2/3-Enterprise,capable,"di sudut lantai 4, pintu terbuka"
2026-10-05T10:34:27,4,L4-019,,,T1,laptopA,2,FILKOM EVENT,c0:c7:0a:58:34:d1,2462,11,2.4,20,-80.0,,0,53.7,WPA2-Personal,capable,"di sudut lantai 4, pintu terbuka"
2026-10-05T10:34:27,4,L4-019,,,T1,laptopA,2,eduroam,c0:c7:0a:58:34:d0,2462,11,2.4,20,-80.0,,1,53.7,WPA2/3-Enterprise,capable,"di sudut lantai 4, pintu terbuka"
2026-10-05T10:34:27,4,L4-019,,,T1,laptopA,2,WiFi-UB.x,c0:c7:0a:98:3a:52,5180,36,5,20,-63.0,,39,78.0,WPA2/3-Enterprise,capable,"di sudut lantai 4, pintu terbuka"
2026-10-05T10:34:27,4,L4-019,,,T1,laptopA,2,FILKOM EVENT,c0:c7:0a:98:3a:51,5180,36,5,20,-70.0,,2,73.7,WPA2-Personal,capable,"di sudut lantai 4, pintu terbuka"
2026-10-05T10:34:27,4,L4-019,,,T1,laptopA,2,FILKOM EVENT,c0:c7:0a:98:34:12,5220,44,5,20,-72.0,,2,40.0,WPA2-Personal,capable,"di sudut lantai 4, pintu terbuka"
2026-10-05T10:34:27,4,L4-019,,,T1,laptopA,2,eduroam,c0:c7:0a:98:3a:50,5180,36,5,20,-66.0,,10,73.7,WPA2/3-Enterprise,capable,"di sudut lantai 4, pintu terbuka"
2026-10-05T10:34:27,4,L4-019,,,T1,laptopA,2,FILKOM EVENT,c0:c7:0a:98:38:b2,5805,161,5,20,-85.0,,2,17.6,WPA2-Personal,capable,"di sudut lantai 4, pintu terbuka"
2026-10-05T10:34:27,4,L4-019,,,T1,laptopA,2,eduroam,c0:c7:0a:98:38:b0,5805,161,5,20,-84.0,,4,17.6,WPA2/3-Enterprise,capable,"di sudut lantai 4, pintu terbuka"
2026-10-05T10:34:27,4,L4-019,,,T1,laptopA,2,eduroam,c0:c7:0a:98:34:10,5220,44,5,20,-87.0,,8,48.2,WPA2/3-Enterprise,capable,"di sudut lantai 4, pintu terbuka"
2026-10-05T10:34:27,4,L4-019,,,T1,laptopA,2,eduroam,c0:c7:0a:98:34:d0,5765,153,5,20,-69.0,,4,81.6,WPA2/3-Enterprise,capable,"di sudut lantai 4, pintu terbuka"
2026-10-05T10:34:27,4,L4-019,,,T1,laptopA,2,FILKOM EVENT,c0:c7:0a:98:34:d2,5765,153,5,20,-70.0,,0,81.6,WPA2-Personal,capable,"di sudut lantai 4, pintu terbuka"
2026-10-05T10:34:27,4,L4-019,,,T1,laptopA,2,WiFi-UB.x,c0:c7:0a:98:34:11,5220,44,5,20,-87.0,,23,48.2,WPA2/3-Enterprise,capable,"di sudut lantai 4, pintu terbuka"
2026-10-05T10:34:27,4,L4-019,,,T1,laptopA,2,WiFi-UB.x,c0:c7:0a:98:38:b1,5805,161,5,20,-79.0,,22,32.5,WPA2/3-Enterprise,capable,"di sudut lantai 4, pintu terbuka"
2026-10-05T10:34:36,4,L4-019,,,T1,laptopA,3,WiFi-UB.x,54:d7:e3:42:42:c0,2462,11,2.4,20,-88.0,,,,WPA2/3-Enterprise,no,"di sudut lantai 4, pintu terbuka"
2026-10-05T10:34:36,4,L4-019,,,T1,laptopA,3,WiFi-UB.x,c0:c7:0a:98:34:d1,5765,153,5,20,-59.0,,17,63.1,WPA2/3-Enterprise,capable,"di sudut lantai 4, pintu terbuka"
2026-10-05T10:34:36,4,L4-019,,,T1,laptopA,3,WiFi-UB.x,0a:b8:e6:d9:af:f1,2412,1,2.4,20,-88.0,,,,WPA2/3-Enterprise,no,"di sudut lantai 4, pintu terbuka"
2026-10-05T10:34:36,4,L4-019,,,T1,laptopA,3,WiFi-UB.x,ec:bd:1d:af:f6:70,2412,1,2.4,20,-84.0,,1,45.1,WPA2/3-Enterprise,no,"di sudut lantai 4, pintu terbuka"
2026-10-05T10:34:36,4,L4-019,,,T1,laptopA,3,WiFi-UB.x,34:8f:27:44:98:a8,2462,11,2.4,20,-87.0,,5,28.6,WPA2/3-Enterprise,no,"di sudut lantai 4, pintu terbuka"
2026-10-05T10:34:36,4,L4-019,,,T1,laptopA,3,WiFi-UB.x,c0:c7:0a:58:34:d2,2462,11,2.4,20,-77.0,,3,46.3,WPA2/3-Enterprise,capable,"di sudut lantai 4, pintu terbuka"
2026-10-05T10:34:36,4,L4-019,,,T1,laptopA,3,WiFi-UB.x,c8:a6:08:8b:3e:01,5785,157,5,20,-85.0,,44,53.3,WPA2/3-Enterprise,capable,"di sudut lantai 4, pintu terbuka"
2026-10-05T10:34:36,4,L4-019,,,T1,laptopA,3,WiFi-UB.x,c0:c7:0a:58:34:11,2412,1,2.4,20,-87.0,,3,59.6,WPA2/3-Enterprise,capable,"di sudut lantai 4, pintu terbuka"
2026-10-05T10:34:36,4,L4-019,,,T1,laptopA,3,WiFi-UB.x,c0:c7:0a:98:3a:52,5180,36,5,20,-60.0,,41,68.6,WPA2/3-Enterprise,capable,"di sudut lantai 4, pintu terbuka"
2026-10-05T10:34:36,4,L4-019,,,T1,laptopA,3,WiFi-UB.x,c0:c7:0a:98:34:11,5220,44,5,20,-87.0,,23,48.2,WPA2/3-Enterprise,capable,"di sudut lantai 4, pintu terbuka"
2026-10-05T10:34:36,4,L4-019,,,T1,laptopA,3,WiFi-UB.x,c0:c7:0a:98:38:b1,5805,161,5,20,-79.0,,22,32.5,WPA2/3-Enterprise,capable,"di sudut lantai 4, pintu terbuka"
2026-10-05T10:34:36,4,L4-019,,,T1,laptopA,3,WiFi-FILKOM,54:d7:e3:42:42:c1,2462,11,2.4,20,-86.0,,,,WPA2/3-Enterprise,no,"di sudut lantai 4, pintu terbuka"
2026-10-05T10:34:36,4,L4-019,,,T1,laptopA,3,hello,aa:a4:5a:17:e6:ba,2427,4,2.4,20,-85.0,,,,Open,no,"di sudut lantai 4, pintu terbuka"
2026-10-05T10:34:36,4,L4-019,,,T1,laptopA,3,DIRECT-NKTOBTOBmsL8,4e:50:dd:3d:4b:8a,5220,44,5,20,-75.0,,,,WPA2-Personal,no,"di sudut lantai 4, pintu terbuka"
2026-10-05T10:34:36,4,L4-019,,,T1,laptopA,3,eduroam,34:8f:27:04:98:a8,2462,11,2.4,20,-87.0,,0,28.6,WPA2/3-Enterprise,no,"di sudut lantai 4, pintu terbuka"
2026-10-05T10:34:36,4,L4-019,,,T1,laptopA,3,FILKOM EVENT,ec:bd:1d:af:f6:73,2412,1,2.4,20,-85.0,,1,45.1,WPA2-Personal,no,"di sudut lantai 4, pintu terbuka"
2026-10-05T10:34:36,4,L4-019,,,T1,laptopA,3,eduroam,0e:b8:e6:d9:af:f1,2412,1,2.4,20,-90.0,,,,WPA2/3-Enterprise,no,"di sudut lantai 4, pintu terbuka"
2026-10-05T10:34:36,4,L4-019,,,T1,laptopA,3,OPPO A16,ea:88:83:dd:f0:40,2437,6,2.4,20,-81.0,,,,WPA2-Personal,no,"di sudut lantai 4, pintu terbuka"
2026-10-05T10:34:36,4,L4-019,,,T1,laptopA,3,Hello World!,da:dc:e6:e3:be:97,2462,11,2.4,20,-82.0,,,,WPA2-Personal,no,"di sudut lantai 4, pintu terbuka"
2026-10-05T10:34:36,4,L4-019,,,T1,laptopA,3,myECO_LIDAR,de:4f:22:52:89:25,2412,1,2.4,20,-73.0,,,,Open,no,"di sudut lantai 4, pintu terbuka"
2026-10-05T10:34:36,4,L4-019,,,T1,laptopA,3,"3x - 16 = 20, x = ?",62:20:00:37:ba:e1,2462,11,2.4,20,-78.0,,,,WPA2/WPA3-Personal,capable,"di sudut lantai 4, pintu terbuka"
2026-10-05T10:34:36,4,L4-019,,,T1,laptopA,3,eduroam,c8:a6:08:8b:3e:00,5785,157,5,20,-85.0,,14,53.3,WPA2/3-Enterprise,capable,"di sudut lantai 4, pintu terbuka"
2026-10-05T10:34:36,4,L4-019,,,T1,laptopA,3,FILKOM EVENT,c0:c7:0a:58:34:12,2412,1,2.4,20,-83.0,,0,49.8,WPA2-Personal,capable,"di sudut lantai 4, pintu terbuka"
2026-10-05T10:34:36,4,L4-019,,,T1,laptopA,3,eduroam,c0:c7:0a:58:34:10,2412,1,2.4,20,-86.0,,0,59.6,WPA2/3-Enterprise,capable,"di sudut lantai 4, pintu terbuka"
2026-10-05T10:34:36,4,L4-019,,,T1,laptopA,3,FILKOM EVENT,c0:c7:0a:58:34:d1,2462,11,2.4,20,-76.0,,0,61.2,WPA2-Personal,capable,"di sudut lantai 4, pintu terbuka"
2026-10-05T10:34:36,4,L4-019,,,T1,laptopA,3,eduroam,c0:c7:0a:58:34:d0,2462,11,2.4,20,-75.0,,1,61.2,WPA2/3-Enterprise,capable,"di sudut lantai 4, pintu terbuka"
2026-10-05T10:34:36,4,L4-019,,,T1,laptopA,3,FILKOM EVENT,c0:c7:0a:98:3a:51,5180,36,5,20,-63.0,,2,68.6,WPA2-Personal,capable,"di sudut lantai 4, pintu terbuka"
2026-10-05T10:34:36,4,L4-019,,,T1,laptopA,3,FILKOM EVENT,c0:c7:0a:98:34:12,5220,44,5,20,-72.0,,2,40.0,WPA2-Personal,capable,"di sudut lantai 4, pintu terbuka"
2026-10-05T10:34:36,4,L4-019,,,T1,laptopA,3,eduroam,c0:c7:0a:98:3a:50,5180,36,5,20,-60.0,,10,68.6,WPA2/3-Enterprise,capable,"di sudut lantai 4, pintu terbuka"
2026-10-05T10:34:36,4,L4-019,,,T1,laptopA,3,FILKOM EVENT,c0:c7:0a:98:38:b2,5805,161,5,20,-85.0,,2,17.6,WPA2-Personal,capable,"di sudut lantai 4, pintu terbuka"
2026-10-05T10:34:36,4,L4-019,,,T1,laptopA,3,eduroam,c0:c7:0a:98:38:b0,5805,161,5,20,-84.0,,4,17.6,WPA2/3-Enterprise,capable,"di sudut lantai 4, pintu terbuka"
2026-10-05T10:34:36,4,L4-019,,,T1,laptopA,3,eduroam,c0:c7:0a:98:34:10,5220,44,5,20,-88.0,,8,38.4,WPA2/3-Enterprise,capable,"di sudut lantai 4, pintu terbuka"
2026-10-05T10:34:36,4,L4-019,,,T1,laptopA,3,eduroam,c0:c7:0a:98:34:d0,5765,153,5,20,-69.0,,4,81.6,WPA2/3-Enterprise,capable,"di sudut lantai 4, pintu terbuka"
2026-10-05T10:34:36,4,L4-019,,,T1,laptopA,3,FILKOM EVENT,c0:c7:0a:98:34:d2,5765,153,5,20,-70.0,,0,81.6,WPA2-Personal,capable,"di sudut lantai 4, pintu terbuka"
2026-10-05T10:37:12,4,L4-017,,,T1,laptopA,1,FILKOM EVENT,fc:7f:f1:dd:53:23,2412,1,2.4,20,-82.0,,,,WPA2-Personal,no,di kursi ruang tunggu
2026-10-05T10:37:12,4,L4-017,,,T1,laptopA,1,WiFi-UB.x,fc:7f:f1:dd:53:20,2412,1,2.4,20,-82.0,,,,WPA2/3-Enterprise,no,di kursi ruang tunggu
2026-10-05T10:37:12,4,L4-017,,,T1,laptopA,1,hello,aa:a4:5a:17:e6:ba,2427,4,2.4,20,-67.0,,,,Open,no,di kursi ruang tunggu
2026-10-05T10:37:12,4,L4-017,,,T1,laptopA,1,DIRECT-NKTOBTOBmsL8,4e:50:dd:3d:4b:8a,5220,44,5,20,-56.0,,,,WPA2-Personal,no,di kursi ruang tunggu
2026-10-05T10:37:12,4,L4-017,,,T1,laptopA,1,WiFi-UB.x,c0:c7:0a:98:34:d1,5765,153,5,20,-53.0,,27,66.3,WPA2/3-Enterprise,capable,di kursi ruang tunggu
2026-10-05T10:37:12,4,L4-017,,,T1,laptopA,1,"3x - 16 = 20, x = ?",62:20:00:37:ba:e1,2462,11,2.4,20,-71.0,,,,WPA2/WPA3-Personal,capable,di kursi ruang tunggu
2026-10-05T10:37:12,4,L4-017,,,T1,laptopA,1,WiFi-UB.x,c0:c7:0a:58:34:d2,2462,11,2.4,20,-63.0,,5,60.0,WPA2/3-Enterprise,capable,di kursi ruang tunggu
2026-10-05T10:37:12,4,L4-017,,,T1,laptopA,1,FILKOM EVENT,c0:c7:0a:58:34:d1,2462,11,2.4,20,-63.0,,0,60.0,WPA2-Personal,capable,di kursi ruang tunggu
2026-10-05T10:37:12,4,L4-017,,,T1,laptopA,1,eduroam,c0:c7:0a:58:34:d0,2462,11,2.4,20,-62.0,,1,60.0,WPA2/3-Enterprise,capable,di kursi ruang tunggu
2026-10-05T10:37:12,4,L4-017,,,T1,laptopA,1,WiFi-UB.x,c0:c7:0a:98:3a:52,5180,36,5,20,-46.0,,44,82.0,WPA2/3-Enterprise,capable,di kursi ruang tunggu
2026-10-05T10:37:12,4,L4-017,,,T1,laptopA,1,FILKOM EVENT,c0:c7:0a:98:3a:51,5180,36,5,20,-52.0,,3,82.0,WPA2-Personal,capable,di kursi ruang tunggu
2026-10-05T10:37:12,4,L4-017,,,T1,laptopA,1,FILKOM EVENT,c0:c7:0a:98:34:12,5220,44,5,20,-77.0,,3,29.4,WPA2-Personal,capable,di kursi ruang tunggu
2026-10-05T10:37:12,4,L4-017,,,T1,laptopA,1,eduroam,c0:c7:0a:98:3a:50,5180,36,5,20,-49.0,,11,82.0,WPA2/3-Enterprise,capable,di kursi ruang tunggu
2026-10-05T10:37:12,4,L4-017,,,T1,laptopA,1,FILKOM EVENT,c0:c7:0a:98:38:b2,5805,161,5,20,-76.0,,3,70.6,WPA2-Personal,capable,di kursi ruang tunggu
2026-10-05T10:37:12,4,L4-017,,,T1,laptopA,1,eduroam,c0:c7:0a:98:38:b0,5805,161,5,20,-76.0,,7,70.6,WPA2/3-Enterprise,capable,di kursi ruang tunggu
2026-10-05T10:37:12,4,L4-017,,,T1,laptopA,1,eduroam,c0:c7:0a:98:34:10,5220,44,5,20,-76.0,,9,29.4,WPA2/3-Enterprise,capable,di kursi ruang tunggu
2026-10-05T10:37:12,4,L4-017,,,T1,laptopA,1,eduroam,c0:c7:0a:98:34:d0,5765,153,5,20,-54.0,,4,66.3,WPA2/3-Enterprise,capable,di kursi ruang tunggu
2026-10-05T10:37:12,4,L4-017,,,T1,laptopA,1,FILKOM EVENT,c0:c7:0a:98:34:d2,5765,153,5,20,-54.0,,0,66.3,WPA2-Personal,capable,di kursi ruang tunggu
2026-10-05T10:37:21,4,L4-017,,,T1,laptopA,2,,c8:5a:9f:ce:72:52,2427,4,2.4,20,-83.0,,0,2.0,WPA2-Personal,no,di kursi ruang tunggu
2026-10-05T10:37:21,4,L4-017,,,T1,laptopA,2,FILKOM EVENT,fc:7f:f1:dd:53:23,2412,1,2.4,20,-82.0,,,,WPA2-Personal,no,di kursi ruang tunggu
2026-10-05T10:37:21,4,L4-017,,,T1,laptopA,2,WiFi-UB.x,fc:7f:f1:dd:53:20,2412,1,2.4,20,-82.0,,,,WPA2/3-Enterprise,no,di kursi ruang tunggu
2026-10-05T10:37:21,4,L4-017,,,T1,laptopA,2,iPhone (2),5a:b2:de:c6:2a:1b,2437,6,2.4,20,-88.0,,,,WPA2/WPA3-Personal,capable,di kursi ruang tunggu
2026-10-05T10:37:21,4,L4-017,,,T1,laptopA,2,hello,aa:a4:5a:17:e6:ba,2427,4,2.4,20,-74.0,,,,Open,no,di kursi ruang tunggu
2026-10-05T10:37:21,4,L4-017,,,T1,laptopA,2,DIRECT-NKTOBTOBmsL8,4e:50:dd:3d:4b:8a,5220,44,5,20,-56.0,,,,WPA2-Personal,no,di kursi ruang tunggu
2026-10-05T10:37:21,4,L4-017,,,T1,laptopA,2,WiFi-UB.x,c0:c7:0a:98:34:d1,5765,153,5,20,-58.0,,29,39.6,WPA2/3-Enterprise,capable,di kursi ruang tunggu
2026-10-05T10:37:21,4,L4-017,,,T1,laptopA,2,"3x - 16 = 20, x = ?",62:20:00:37:ba:e1,2462,11,2.4,20,-68.0,,,,WPA2/WPA3-Personal,capable,di kursi ruang tunggu
2026-10-05T10:37:21,4,L4-017,,,T1,laptopA,2,WiFi-UB.x,c0:c7:0a:58:34:d2,2462,11,2.4,20,-66.0,,5,62.4,WPA2/3-Enterprise,capable,di kursi ruang tunggu
2026-10-05T10:37:21,4,L4-017,,,T1,laptopA,2,FILKOM EVENT,c0:c7:0a:58:34:d1,2462,11,2.4,20,-67.0,,0,62.4,WPA2-Personal,capable,di kursi ruang tunggu
2026-10-05T10:37:21,4,L4-017,,,T1,laptopA,2,eduroam,c0:c7:0a:58:34:d0,2462,11,2.4,20,-66.0,,1,62.4,WPA2/3-Enterprise,capable,di kursi ruang tunggu
2026-10-05T10:37:21,4,L4-017,,,T1,laptopA,2,WiFi-UB.x,c0:c7:0a:98:3a:52,5180,36,5,20,-44.0,,40,87.5,WPA2/3-Enterprise,capable,di kursi ruang tunggu
2026-10-05T10:37:21,4,L4-017,,,T1,laptopA,2,FILKOM EVENT,c0:c7:0a:98:3a:51,5180,36,5,20,-52.0,,3,82.0,WPA2-Personal,capable,di kursi ruang tunggu
2026-10-05T10:37:21,4,L4-017,,,T1,laptopA,2,FILKOM EVENT,c0:c7:0a:98:34:12,5220,44,5,20,-77.0,,3,34.1,WPA2-Personal,capable,di kursi ruang tunggu
2026-10-05T10:37:21,4,L4-017,,,T1,laptopA,2,eduroam,c0:c7:0a:98:3a:50,5180,36,5,20,-49.0,,11,82.0,WPA2/3-Enterprise,capable,di kursi ruang tunggu
2026-10-05T10:37:21,4,L4-017,,,T1,laptopA,2,FILKOM EVENT,c0:c7:0a:98:38:b2,5805,161,5,20,-79.0,,3,27.5,WPA2-Personal,capable,di kursi ruang tunggu
2026-10-05T10:37:21,4,L4-017,,,T1,laptopA,2,eduroam,c0:c7:0a:98:38:b0,5805,161,5,20,-78.0,,8,27.5,WPA2/3-Enterprise,capable,di kursi ruang tunggu
2026-10-05T10:37:21,4,L4-017,,,T1,laptopA,2,eduroam,c0:c7:0a:98:34:10,5220,44,5,20,-76.0,,9,34.1,WPA2/3-Enterprise,capable,di kursi ruang tunggu
2026-10-05T10:37:21,4,L4-017,,,T1,laptopA,2,eduroam,c0:c7:0a:98:34:d0,5765,153,5,20,-57.0,,4,39.6,WPA2/3-Enterprise,capable,di kursi ruang tunggu
2026-10-05T10:37:21,4,L4-017,,,T1,laptopA,2,FILKOM EVENT,c0:c7:0a:98:34:d2,5765,153,5,20,-58.0,,0,39.6,WPA2-Personal,capable,di kursi ruang tunggu
2026-10-05T10:37:30,4,L4-017,,,T1,laptopA,3,RDH,32:b0:b6:1a:35:55,5765,153,5,20,-82.0,,1,0.0,WPA2-Personal,no,di kursi ruang tunggu
2026-10-05T10:37:30,4,L4-017,,,T1,laptopA,3,,c8:5a:9f:ce:72:52,2427,4,2.4,20,-83.0,,0,2.0,WPA2-Personal,no,di kursi ruang tunggu
2026-10-05T10:37:30,4,L4-017,,,T1,laptopA,3,Infinix NOTE 30,96:80:d3:79:ef:7e,2447,8,2.4,20,-73.0,,,,Open,no,di kursi ruang tunggu
2026-10-05T10:37:30,4,L4-017,,,T1,laptopA,3,FILKOM EVENT,fc:7f:f1:dd:53:23,2412,1,2.4,20,-82.0,,,,WPA2-Personal,no,di kursi ruang tunggu
2026-10-05T10:37:30,4,L4-017,,,T1,laptopA,3,WiFi-UB.x,fc:7f:f1:dd:53:20,2412,1,2.4,20,-82.0,,,,WPA2/3-Enterprise,no,di kursi ruang tunggu
2026-10-05T10:37:30,4,L4-017,,,T1,laptopA,3,eduroam,00:e6:3a:10:e7:c8,2412,1,2.4,20,-82.0,,1,69.8,WPA2/3-Enterprise,capable,di kursi ruang tunggu
2026-10-05T10:37:30,4,L4-017,,,T1,laptopA,3,iPhone (2),5a:b2:de:c6:2a:1b,2437,6,2.4,20,-88.0,,,,WPA2/WPA3-Personal,capable,di kursi ruang tunggu
2026-10-05T10:37:30,4,L4-017,,,T1,laptopA,3,FILKOM EVENT,00:e6:3a:90:e7:c8,2412,1,2.4,20,-82.0,,0,69.8,WPA2-Personal,capable,di kursi ruang tunggu
2026-10-05T10:37:30,4,L4-017,,,T1,laptopA,3,hello,aa:a4:5a:17:e6:ba,2427,4,2.4,20,-66.0,,,,Open,no,di kursi ruang tunggu
2026-10-05T10:37:30,4,L4-017,,,T1,laptopA,3,DIRECT-NKTOBTOBmsL8,4e:50:dd:3d:4b:8a,5220,44,5,20,-64.0,,,,WPA2-Personal,no,di kursi ruang tunggu
2026-10-05T10:37:30,4,L4-017,,,T1,laptopA,3,WiFi-UB.x,c0:c7:0a:98:34:d1,5765,153,5,20,-52.0,,28,38.0,WPA2/3-Enterprise,capable,di kursi ruang tunggu
2026-10-05T10:37:30,4,L4-017,,,T1,laptopA,3,OPPO A16,ea:88:83:dd:f0:40,2437,6,2.4,20,-63.0,,,,WPA2-Personal,no,di kursi ruang tunggu
2026-10-05T10:37:30,4,L4-017,,,T1,laptopA,3,"3x - 16 = 20, x = ?",62:20:00:37:ba:e1,2462,11,2.4,20,-71.0,,,,WPA2/WPA3-Personal,capable,di kursi ruang tunggu
2026-10-05T10:37:30,4,L4-017,,,T1,laptopA,3,WiFi-UB.x,c0:c7:0a:58:34:d2,2462,11,2.4,20,-66.0,,5,56.1,WPA2/3-Enterprise,capable,di kursi ruang tunggu
2026-10-05T10:37:30,4,L4-017,,,T1,laptopA,3,FILKOM EVENT,c0:c7:0a:58:34:d1,2462,11,2.4,20,-68.0,,0,56.1,WPA2-Personal,capable,di kursi ruang tunggu
2026-10-05T10:37:30,4,L4-017,,,T1,laptopA,3,eduroam,c0:c7:0a:58:34:d0,2462,11,2.4,20,-67.0,,1,56.1,WPA2/3-Enterprise,capable,di kursi ruang tunggu
2026-10-05T10:37:30,4,L4-017,,,T1,laptopA,3,WiFi-UB.x,c0:c7:0a:98:3a:52,5180,36,5,20,-42.0,,39,82.7,WPA2/3-Enterprise,capable,di kursi ruang tunggu
2026-10-05T10:37:30,4,L4-017,,,T1,laptopA,3,FILKOM EVENT,c0:c7:0a:98:3a:51,5180,36,5,20,-52.0,,3,82.0,WPA2-Personal,capable,di kursi ruang tunggu
2026-10-05T10:37:30,4,L4-017,,,T1,laptopA,3,FILKOM EVENT,c0:c7:0a:98:34:12,5220,44,5,20,-77.0,,2,33.7,WPA2-Personal,capable,di kursi ruang tunggu
2026-10-05T10:37:30,4,L4-017,,,T1,laptopA,3,eduroam,c0:c7:0a:98:3a:50,5180,36,5,20,-49.0,,11,82.0,WPA2/3-Enterprise,capable,di kursi ruang tunggu
2026-10-05T10:37:30,4,L4-017,,,T1,laptopA,3,FILKOM EVENT,c0:c7:0a:98:38:b2,5805,161,5,20,-72.0,,3,46.7,WPA2-Personal,capable,di kursi ruang tunggu
2026-10-05T10:37:30,4,L4-017,,,T1,laptopA,3,eduroam,c0:c7:0a:98:38:b0,5805,161,5,20,-71.0,,9,46.7,WPA2/3-Enterprise,capable,di kursi ruang tunggu
2026-10-05T10:37:30,4,L4-017,,,T1,laptopA,3,eduroam,c0:c7:0a:98:34:10,5220,44,5,20,-77.0,,9,33.7,WPA2/3-Enterprise,capable,di kursi ruang tunggu
2026-10-05T10:37:30,4,L4-017,,,T1,laptopA,3,eduroam,c0:c7:0a:98:34:d0,5765,153,5,20,-52.0,,4,38.0,WPA2/3-Enterprise,capable,di kursi ruang tunggu
2026-10-05T10:37:30,4,L4-017,,,T1,laptopA,3,FILKOM EVENT,c0:c7:0a:98:34:d2,5765,153,5,20,-53.0,,0,38.0,WPA2-Personal,capable,di kursi ruang tunggu
2026-10-05T10:39:01,4,L4-014,,,T1,laptopA,1,سمي,ae:41:02:e7:59:bf,2437,6,2.4,20,-65.0,,,,WPA2-Personal,no,"ruangan rame, tapi kita masuk hehe"
2026-10-05T10:39:01,4,L4-014,,,T1,laptopA,1,iPhone Aurel Aguirela,0a:51:c0:48:25:29,5745,149,5,80,-88.0,,,,WPA2/WPA3-Personal,capable,"ruangan rame, tapi kita masuk hehe"
2026-10-05T10:39:01,4,L4-014,,,T1,laptopA,1,myECO_LIDAR,de:4f:22:52:89:25,2412,1,2.4,20,-81.0,,,,Open,no,"ruangan rame, tapi kita masuk hehe"
2026-10-05T10:39:01,4,L4-014,,,T1,laptopA,1,RDH,32:b0:b6:1a:35:55,5765,153,5,20,-74.0,,1,0.0,WPA2-Personal,no,"ruangan rame, tapi kita masuk hehe"
2026-10-05T10:39:01,4,L4-014,,,T1,laptopA,1,,c8:5a:9f:ce:72:52,2427,4,2.4,20,-83.0,,0,2.0,WPA2-Personal,no,"ruangan rame, tapi kita masuk hehe"
2026-10-05T10:39:01,4,L4-014,,,T1,laptopA,1,Infinix NOTE 30,96:80:d3:79:ef:7e,2447,8,2.4,20,-69.0,,,,Open,no,"ruangan rame, tapi kita masuk hehe"
2026-10-05T10:39:01,4,L4-014,,,T1,laptopA,1,FILKOM EVENT,fc:7f:f1:dd:53:23,2412,1,2.4,20,-82.0,,,,WPA2-Personal,no,"ruangan rame, tapi kita masuk hehe"
2026-10-05T10:39:01,4,L4-014,,,T1,laptopA,1,WiFi-UB.x,fc:7f:f1:dd:53:20,2412,1,2.4,20,-82.0,,,,WPA2/3-Enterprise,no,"ruangan rame, tapi kita masuk hehe"
2026-10-05T10:39:01,4,L4-014,,,T1,laptopA,1,eduroam,00:e6:3a:10:e7:c8,2412,1,2.4,20,-82.0,,1,69.8,WPA2/3-Enterprise,capable,"ruangan rame, tapi kita masuk hehe"
2026-10-05T10:39:01,4,L4-014,,,T1,laptopA,1,iPhone (2),5a:b2:de:c6:2a:1b,2437,6,2.4,20,-88.0,,,,WPA2/WPA3-Personal,capable,"ruangan rame, tapi kita masuk hehe"
2026-10-05T10:39:01,4,L4-014,,,T1,laptopA,1,FILKOM EVENT,00:e6:3a:90:e7:c8,2412,1,2.4,20,-82.0,,0,69.8,WPA2-Personal,capable,"ruangan rame, tapi kita masuk hehe"
2026-10-05T10:39:01,4,L4-014,,,T1,laptopA,1,hello,aa:a4:5a:17:e6:ba,2427,4,2.4,20,-78.0,,,,Open,no,"ruangan rame, tapi kita masuk hehe"
2026-10-05T10:39:01,4,L4-014,,,T1,laptopA,1,DIRECT-NKTOBTOBmsL8,4e:50:dd:3d:4b:8a,5220,44,5,20,-57.0,,,,WPA2-Personal,no,"ruangan rame, tapi kita masuk hehe"
2026-10-05T10:39:01,4,L4-014,,,T1,laptopA,1,WiFi-UB.x,c0:c7:0a:98:34:d1,5765,153,5,20,-50.0,,29,60.0,WPA2/3-Enterprise,capable,"ruangan rame, tapi kita masuk hehe"
2026-10-05T10:39:01,4,L4-014,,,T1,laptopA,1,OPPO A16,ea:88:83:dd:f0:40,2437,6,2.4,20,-76.0,,,,WPA2-Personal,no,"ruangan rame, tapi kita masuk hehe"
2026-10-05T10:39:01,4,L4-014,,,T1,laptopA,1,"3x - 16 = 20, x = ?",62:20:00:37:ba:e1,2462,11,2.4,20,-70.0,,,,WPA2/WPA3-Personal,capable,"ruangan rame, tapi kita masuk hehe"
2026-10-05T10:39:01,4,L4-014,,,T1,laptopA,1,WiFi-UB.x,c0:c7:0a:58:34:d2,2462,11,2.4,20,-48.0,,6,45.5,WPA2/3-Enterprise,capable,"ruangan rame, tapi kita masuk hehe"
2026-10-05T10:39:01,4,L4-014,,,T1,laptopA,1,FILKOM EVENT,c0:c7:0a:58:34:d1,2462,11,2.4,20,-49.0,,0,45.5,WPA2-Personal,capable,"ruangan rame, tapi kita masuk hehe"
2026-10-05T10:39:01,4,L4-014,,,T1,laptopA,1,eduroam,c0:c7:0a:58:34:d0,2462,11,2.4,20,-48.0,,1,45.5,WPA2/3-Enterprise,capable,"ruangan rame, tapi kita masuk hehe"
2026-10-05T10:39:01,4,L4-014,,,T1,laptopA,1,WiFi-UB.x,c0:c7:0a:98:3a:52,5180,36,5,20,-41.0,,41,73.7,WPA2/3-Enterprise,capable,"ruangan rame, tapi kita masuk hehe"
2026-10-05T10:39:01,4,L4-014,,,T1,laptopA,1,FILKOM EVENT,c0:c7:0a:98:3a:51,5180,36,5,20,-45.0,,3,71.8,WPA2-Personal,capable,"ruangan rame, tapi kita masuk hehe"
2026-10-05T10:39:01,4,L4-014,,,T1,laptopA,1,FILKOM EVENT,c0:c7:0a:98:34:12,5220,44,5,20,-77.0,,2,33.7,WPA2-Personal,capable,"ruangan rame, tapi kita masuk hehe"
2026-10-05T10:39:01,4,L4-014,,,T1,laptopA,1,eduroam,c0:c7:0a:98:3a:50,5180,36,5,20,-42.0,,11,71.8,WPA2/3-Enterprise,capable,"ruangan rame, tapi kita masuk hehe"
2026-10-05T10:39:01,4,L4-014,,,T1,laptopA,1,FILKOM EVENT,c0:c7:0a:98:38:b2,5805,161,5,20,-65.0,,4,53.3,WPA2-Personal,capable,"ruangan rame, tapi kita masuk hehe"
2026-10-05T10:39:01,4,L4-014,,,T1,laptopA,1,eduroam,c0:c7:0a:98:38:b0,5805,161,5,20,-65.0,,8,53.3,WPA2/3-Enterprise,capable,"ruangan rame, tapi kita masuk hehe"
2026-10-05T10:39:01,4,L4-014,,,T1,laptopA,1,eduroam,c0:c7:0a:98:34:10,5220,44,5,20,-77.0,,9,33.7,WPA2/3-Enterprise,capable,"ruangan rame, tapi kita masuk hehe"
2026-10-05T10:39:01,4,L4-014,,,T1,laptopA,1,eduroam,c0:c7:0a:98:34:d0,5765,153,5,20,-50.0,,6,60.0,WPA2/3-Enterprise,capable,"ruangan rame, tapi kita masuk hehe"
2026-10-05T10:39:01,4,L4-014,,,T1,laptopA,1,FILKOM EVENT,c0:c7:0a:98:34:d2,5765,153,5,20,-50.0,,0,60.0,WPA2-Personal,capable,"ruangan rame, tapi kita masuk hehe"
2026-10-05T10:39:10,4,L4-014,,,T1,laptopA,2,سمي,ae:41:02:e7:59:bf,2437,6,2.4,20,-69.0,,,,WPA2-Personal,no,"ruangan rame, tapi kita masuk hehe"
2026-10-05T10:39:10,4,L4-014,,,T1,laptopA,2,iPhone Aurel Aguirela,0a:51:c0:48:25:29,5745,149,5,80,-88.0,,,,WPA2/WPA3-Personal,capable,"ruangan rame, tapi kita masuk hehe"
2026-10-05T10:39:10,4,L4-014,,,T1,laptopA,2,myECO_LIDAR,de:4f:22:52:89:25,2412,1,2.4,20,-81.0,,,,Open,no,"ruangan rame, tapi kita masuk hehe"
2026-10-05T10:39:10,4,L4-014,,,T1,laptopA,2,RDH,32:b0:b6:1a:35:55,5765,153,5,20,-74.0,,1,0.0,WPA2-Personal,no,"ruangan rame, tapi kita masuk hehe"
2026-10-05T10:39:10,4,L4-014,,,T1,laptopA,2,,c8:5a:9f:ce:72:52,2427,4,2.4,20,-83.0,,0,2.0,WPA2-Personal,no,"ruangan rame, tapi kita masuk hehe"
2026-10-05T10:39:10,4,L4-014,,,T1,laptopA,2,Infinix NOTE 30,96:80:d3:79:ef:7e,2447,8,2.4,20,-63.0,,,,Open,no,"ruangan rame, tapi kita masuk hehe"
2026-10-05T10:39:10,4,L4-014,,,T1,laptopA,2,eduroam,00:e6:3a:10:e7:c8,2412,1,2.4,20,-82.0,,1,69.8,WPA2/3-Enterprise,capable,"ruangan rame, tapi kita masuk hehe"
2026-10-05T10:39:10,4,L4-014,,,T1,laptopA,2,iPhone (2),5a:b2:de:c6:2a:1b,2437,6,2.4,20,-88.0,,,,WPA2/WPA3-Personal,capable,"ruangan rame, tapi kita masuk hehe"
2026-10-05T10:39:10,4,L4-014,,,T1,laptopA,2,FILKOM EVENT,00:e6:3a:90:e7:c8,2412,1,2.4,20,-82.0,,0,69.8,WPA2-Personal,capable,"ruangan rame, tapi kita masuk hehe"
2026-10-05T10:39:10,4,L4-014,,,T1,laptopA,2,hello,aa:a4:5a:17:e6:ba,2427,4,2.4,20,-78.0,,,,Open,no,"ruangan rame, tapi kita masuk hehe"
2026-10-05T10:39:10,4,L4-014,,,T1,laptopA,2,DIRECT-NKTOBTOBmsL8,4e:50:dd:3d:4b:8a,5220,44,5,20,-57.0,,,,WPA2-Personal,no,"ruangan rame, tapi kita masuk hehe"
2026-10-05T10:39:10,4,L4-014,,,T1,laptopA,2,WiFi-UB.x,c0:c7:0a:98:34:d1,5765,153,5,20,-50.0,,30,65.1,WPA2/3-Enterprise,capable,"ruangan rame, tapi kita masuk hehe"
2026-10-05T10:39:10,4,L4-014,,,T1,laptopA,2,OPPO A16,ea:88:83:dd:f0:40,2437,6,2.4,20,-76.0,,,,WPA2-Personal,no,"ruangan rame, tapi kita masuk hehe"
2026-10-05T10:39:10,4,L4-014,,,T1,laptopA,2,"3x - 16 = 20, x = ?",62:20:00:37:ba:e1,2462,11,2.4,20,-76.0,,,,WPA2/WPA3-Personal,capable,"ruangan rame, tapi kita masuk hehe"
2026-10-05T10:39:10,4,L4-014,,,T1,laptopA,2,WiFi-UB.x,c0:c7:0a:58:34:d2,2462,11,2.4,20,-55.0,,6,40.4,WPA2/3-Enterprise,capable,"ruangan rame, tapi kita masuk hehe"
2026-10-05T10:39:10,4,L4-014,,,T1,laptopA,2,FILKOM EVENT,c0:c7:0a:58:34:d1,2462,11,2.4,20,-56.0,,0,40.4,WPA2-Personal,capable,"ruangan rame, tapi kita masuk hehe"
2026-10-05T10:39:10,4,L4-014,,,T1,laptopA,2,eduroam,c0:c7:0a:58:34:d0,2462,11,2.4,20,-55.0,,1,40.4,WPA2/3-Enterprise,capable,"ruangan rame, tapi kita masuk hehe"
2026-10-05T10:39:10,4,L4-014,,,T1,laptopA,2,WiFi-UB.x,c0:c7:0a:98:3a:52,5180,36,5,20,-46.0,,41,76.5,WPA2/3-Enterprise,capable,"ruangan rame, tapi kita masuk hehe"
2026-10-05T10:39:10,4,L4-014,,,T1,laptopA,2,FILKOM EVENT,c0:c7:0a:98:3a:51,5180,36,5,20,-45.0,,3,71.8,WPA2-Personal,capable,"ruangan rame, tapi kita masuk hehe"
2026-10-05T10:39:10,4,L4-014,,,T1,laptopA,2,FILKOM EVENT,c0:c7:0a:98:34:12,5220,44,5,20,-77.0,,3,65.9,WPA2-Personal,capable,"ruangan rame, tapi kita masuk hehe"
2026-10-05T10:39:10,4,L4-014,,,T1,laptopA,2,eduroam,c0:c7:0a:98:3a:50,5180,36,5,20,-42.0,,11,71.8,WPA2/3-Enterprise,capable,"ruangan rame, tapi kita masuk hehe"
2026-10-05T10:39:10,4,L4-014,,,T1,laptopA,2,FILKOM EVENT,c0:c7:0a:98:38:b2,5805,161,5,20,-75.0,,4,71.0,WPA2-Personal,capable,"ruangan rame, tapi kita masuk hehe"
2026-10-05T10:39:10,4,L4-014,,,T1,laptopA,2,eduroam,c0:c7:0a:98:38:b0,5805,161,5,20,-74.0,,8,71.0,WPA2/3-Enterprise,capable,"ruangan rame, tapi kita masuk hehe"
2026-10-05T10:39:10,4,L4-014,,,T1,laptopA,2,eduroam,c0:c7:0a:98:34:10,5220,44,5,20,-75.0,,11,65.9,WPA2/3-Enterprise,capable,"ruangan rame, tapi kita masuk hehe"
2026-10-05T10:39:10,4,L4-014,,,T1,laptopA,2,eduroam,c0:c7:0a:98:34:d0,5765,153,5,20,-50.0,,7,65.1,WPA2/3-Enterprise,capable,"ruangan rame, tapi kita masuk hehe"
2026-10-05T10:39:10,4,L4-014,,,T1,laptopA,2,FILKOM EVENT,c0:c7:0a:98:34:d2,5765,153,5,20,-51.0,,0,65.1,WPA2-Personal,capable,"ruangan rame, tapi kita masuk hehe"
2026-10-05T10:39:19,4,L4-014,,,T1,laptopA,3,سمي,ae:41:02:e7:59:bf,2437,6,2.4,20,-69.0,,,,WPA2-Personal,no,"ruangan rame, tapi kita masuk hehe"
2026-10-05T10:39:19,4,L4-014,,,T1,laptopA,3,iPhone Aurel Aguirela,0a:51:c0:48:25:29,5745,149,5,80,-84.0,,,,WPA2/WPA3-Personal,capable,"ruangan rame, tapi kita masuk hehe"
2026-10-05T10:39:19,4,L4-014,,,T1,laptopA,3,myECO_LIDAR,de:4f:22:52:89:25,2412,1,2.4,20,-81.0,,,,Open,no,"ruangan rame, tapi kita masuk hehe"
2026-10-05T10:39:19,4,L4-014,,,T1,laptopA,3,RDH,32:b0:b6:1a:35:55,5765,153,5,20,-74.0,,1,0.0,WPA2-Personal,no,"ruangan rame, tapi kita masuk hehe"
2026-10-05T10:39:19,4,L4-014,,,T1,laptopA,3,Infinix NOTE 30,96:80:d3:79:ef:7e,2447,8,2.4,20,-71.0,,,,Open,no,"ruangan rame, tapi kita masuk hehe"
2026-10-05T10:39:19,4,L4-014,,,T1,laptopA,3,eduroam,00:e6:3a:10:e7:c8,2412,1,2.4,20,-82.0,,1,69.8,WPA2/3-Enterprise,capable,"ruangan rame, tapi kita masuk hehe"
2026-10-05T10:39:19,4,L4-014,,,T1,laptopA,3,FILKOM EVENT,00:e6:3a:90:e7:c8,2412,1,2.4,20,-82.0,,0,69.8,WPA2-Personal,capable,"ruangan rame, tapi kita masuk hehe"
2026-10-05T10:39:19,4,L4-014,,,T1,laptopA,3,hello,aa:a4:5a:17:e6:ba,2427,4,2.4,20,-81.0,,,,Open,no,"ruangan rame, tapi kita masuk hehe"
2026-10-05T10:39:19,4,L4-014,,,T1,laptopA,3,DIRECT-NKTOBTOBmsL8,4e:50:dd:3d:4b:8a,5220,44,5,20,-57.0,,,,WPA2-Personal,no,"ruangan rame, tapi kita masuk hehe"
2026-10-05T10:39:19,4,L4-014,,,T1,laptopA,3,WiFi-UB.x,c0:c7:0a:98:34:d1,5765,153,5,20,-42.0,,30,82.4,WPA2/3-Enterprise,capable,"ruangan rame, tapi kita masuk hehe"
2026-10-05T10:39:19,4,L4-014,,,T1,laptopA,3,OPPO A16,ea:88:83:dd:f0:40,2437,6,2.4,20,-79.0,,,,WPA2-Personal,no,"ruangan rame, tapi kita masuk hehe"
2026-10-05T10:39:19,4,L4-014,,,T1,laptopA,3,"3x - 16 = 20, x = ?",62:20:00:37:ba:e1,2462,11,2.4,20,-74.0,,,,WPA2/WPA3-Personal,capable,"ruangan rame, tapi kita masuk hehe"
2026-10-05T10:39:19,4,L4-014,,,T1,laptopA,3,WiFi-UB.x,c0:c7:0a:58:34:d2,2462,11,2.4,20,-56.0,,6,54.9,WPA2/3-Enterprise,capable,"ruangan rame, tapi kita masuk hehe"
2026-10-05T10:39:19,4,L4-014,,,T1,laptopA,3,FILKOM EVENT,c0:c7:0a:58:34:d1,2462,11,2.4,20,-56.0,,0,54.9,WPA2-Personal,capable,"ruangan rame, tapi kita masuk hehe"
2026-10-05T10:39:19,4,L4-014,,,T1,laptopA,3,eduroam,c0:c7:0a:58:34:d0,2462,11,2.4,20,-56.0,,1,54.9,WPA2/3-Enterprise,capable,"ruangan rame, tapi kita masuk hehe"
2026-10-05T10:39:19,4,L4-014,,,T1,laptopA,3,WiFi-UB.x,c0:c7:0a:98:3a:52,5180,36,5,20,-45.0,,45,59.6,WPA2/3-Enterprise,capable,"ruangan rame, tapi kita masuk hehe"
2026-10-05T10:39:19,4,L4-014,,,T1,laptopA,3,FILKOM EVENT,c0:c7:0a:98:3a:51,5180,36,5,20,-45.0,,3,71.8,WPA2-Personal,capable,"ruangan rame, tapi kita masuk hehe"
2026-10-05T10:39:19,4,L4-014,,,T1,laptopA,3,FILKOM EVENT,c0:c7:0a:98:34:12,5220,44,5,20,-77.0,,3,65.9,WPA2-Personal,capable,"ruangan rame, tapi kita masuk hehe"
2026-10-05T10:39:19,4,L4-014,,,T1,laptopA,3,eduroam,c0:c7:0a:98:3a:50,5180,36,5,20,-42.0,,11,71.8,WPA2/3-Enterprise,capable,"ruangan rame, tapi kita masuk hehe"
2026-10-05T10:39:19,4,L4-014,,,T1,laptopA,3,FILKOM EVENT,c0:c7:0a:98:38:b2,5805,161,5,20,-75.0,,4,71.0,WPA2-Personal,capable,"ruangan rame, tapi kita masuk hehe"
2026-10-05T10:39:19,4,L4-014,,,T1,laptopA,3,eduroam,c0:c7:0a:98:38:b0,5805,161,5,20,-74.0,,8,71.0,WPA2/3-Enterprise,capable,"ruangan rame, tapi kita masuk hehe"
2026-10-05T10:39:19,4,L4-014,,,T1,laptopA,3,eduroam,c0:c7:0a:98:34:10,5220,44,5,20,-75.0,,11,65.9,WPA2/3-Enterprise,capable,"ruangan rame, tapi kita masuk hehe"
2026-10-05T10:39:19,4,L4-014,,,T1,laptopA,3,eduroam,c0:c7:0a:98:34:d0,5765,153,5,20,-42.0,,7,82.4,WPA2/3-Enterprise,capable,"ruangan rame, tapi kita masuk hehe"
2026-10-05T10:39:19,4,L4-014,,,T1,laptopA,3,FILKOM EVENT,c0:c7:0a:98:34:d2,5765,153,5,20,-42.0,,0,82.4,WPA2-Personal,capable,"ruangan rame, tapi kita masuk hehe"
2026-10-05T10:41:14,4,L4-018,,,T1,laptopA,1,Alexander,42:d3:e9:5d:f8:2e,2437,6,2.4,20,-74.0,,,,WPA2-Personal,no,"ruangan kosong, scan di dalam"
2026-10-05T10:41:14,4,L4-018,,,T1,laptopA,1,FILKOM EVENT,ec:bd:1d:af:f6:73,2412,1,2.4,20,-84.0,,2,54.1,WPA2-Personal,no,"ruangan kosong, scan di dalam"
2026-10-05T10:41:14,4,L4-018,,,T1,laptopA,1,WiFi-UB.x,54:d7:e3:42:42:c0,2462,11,2.4,20,-86.0,,,,WPA2/3-Enterprise,no,"ruangan kosong, scan di dalam"
2026-10-05T10:41:14,4,L4-018,,,T1,laptopA,1,سمي,ae:41:02:e7:59:bf,2437,6,2.4,20,-76.0,,,,WPA2-Personal,no,"ruangan kosong, scan di dalam"
2026-10-05T10:41:14,4,L4-018,,,T1,laptopA,1,iPhone Aurel Aguirela,0a:51:c0:48:25:29,5745,149,5,80,-84.0,,,,WPA2/WPA3-Personal,capable,"ruangan kosong, scan di dalam"
2026-10-05T10:41:14,4,L4-018,,,T1,laptopA,1,Infinix NOTE 30,96:80:d3:79:ef:7e,2447,8,2.4,20,-75.0,,,,Open,no,"ruangan kosong, scan di dalam"
2026-10-05T10:41:14,4,L4-018,,,T1,laptopA,1,hello,aa:a4:5a:17:e6:ba,2427,4,2.4,20,-89.0,,,,Open,no,"ruangan kosong, scan di dalam"
2026-10-05T10:41:14,4,L4-018,,,T1,laptopA,1,WiFi-UB.x,c0:c7:0a:98:34:d1,5765,153,5,20,-42.0,,30,82.4,WPA2/3-Enterprise,capable,"ruangan kosong, scan di dalam"
2026-10-05T10:41:14,4,L4-018,,,T1,laptopA,1,OPPO A16,ea:88:83:dd:f0:40,2437,6,2.4,20,-79.0,,,,WPA2-Personal,no,"ruangan kosong, scan di dalam"
2026-10-05T10:41:14,4,L4-018,,,T1,laptopA,1,"3x - 16 = 20, x = ?",62:20:00:37:ba:e1,2462,11,2.4,20,-68.0,,,,WPA2/WPA3-Personal,capable,"ruangan kosong, scan di dalam"
2026-10-05T10:41:14,4,L4-018,,,T1,laptopA,1,WiFi-UB.x,c0:c7:0a:58:34:d2,2462,11,2.4,20,-78.0,,7,55.3,WPA2/3-Enterprise,capable,"ruangan kosong, scan di dalam"
2026-10-05T10:41:14,4,L4-018,,,T1,laptopA,1,FILKOM EVENT,c0:c7:0a:58:34:d1,2462,11,2.4,20,-79.0,,0,55.3,WPA2-Personal,capable,"ruangan kosong, scan di dalam"
2026-10-05T10:41:14,4,L4-018,,,T1,laptopA,1,eduroam,c0:c7:0a:58:34:d0,2462,11,2.4,20,-78.0,,1,55.3,WPA2/3-Enterprise,capable,"ruangan kosong, scan di dalam"
2026-10-05T10:41:14,4,L4-018,,,T1,laptopA,1,WiFi-UB.x,c0:c7:0a:98:3a:52,5180,36,5,20,-50.0,,53,74.9,WPA2/3-Enterprise,capable,"ruangan kosong, scan di dalam"
2026-10-05T10:41:14,4,L4-018,,,T1,laptopA,1,FILKOM EVENT,c0:c7:0a:98:3a:51,5180,36,5,20,-50.0,,3,74.9,WPA2-Personal,capable,"ruangan kosong, scan di dalam"
2026-10-05T10:41:14,4,L4-018,,,T1,laptopA,1,FILKOM EVENT,c0:c7:0a:98:34:12,5220,44,5,20,-76.0,,3,41.6,WPA2-Personal,capable,"ruangan kosong, scan di dalam"
2026-10-05T10:41:14,4,L4-018,,,T1,laptopA,1,eduroam,c0:c7:0a:98:3a:50,5180,36,5,20,-47.0,,11,74.9,WPA2/3-Enterprise,capable,"ruangan kosong, scan di dalam"
2026-10-05T10:41:14,4,L4-018,,,T1,laptopA,1,eduroam,c0:c7:0a:98:34:10,5220,44,5,20,-75.0,,11,41.6,WPA2/3-Enterprise,capable,"ruangan kosong, scan di dalam"
2026-10-05T10:41:14,4,L4-018,,,T1,laptopA,1,eduroam,c0:c7:0a:98:34:d0,5765,153,5,20,-42.0,,7,82.4,WPA2/3-Enterprise,capable,"ruangan kosong, scan di dalam"
2026-10-05T10:41:14,4,L4-018,,,T1,laptopA,1,FILKOM EVENT,c0:c7:0a:98:34:d2,5765,153,5,20,-42.0,,0,82.4,WPA2-Personal,capable,"ruangan kosong, scan di dalam"
2026-10-05T10:41:23,4,L4-018,,,T1,laptopA,2,Alexander,42:d3:e9:5d:f8:2e,2437,6,2.4,20,-72.0,,,,WPA2-Personal,no,"ruangan kosong, scan di dalam"
2026-10-05T10:41:23,4,L4-018,,,T1,laptopA,2,iPhone (2),5a:b2:de:c6:2a:1b,2437,6,2.4,20,-84.0,,,,WPA2/WPA3-Personal,capable,"ruangan kosong, scan di dalam"
2026-10-05T10:41:23,4,L4-018,,,T1,laptopA,2,FILKOM EVENT,ec:bd:1d:af:f6:73,2412,1,2.4,20,-84.0,,2,54.1,WPA2-Personal,no,"ruangan kosong, scan di dalam"
2026-10-05T10:41:23,4,L4-018,,,T1,laptopA,2,WiFi-UB.x,54:d7:e3:42:42:c0,2462,11,2.4,20,-86.0,,,,WPA2/3-Enterprise,no,"ruangan kosong, scan di dalam"
2026-10-05T10:41:23,4,L4-018,,,T1,laptopA,2,سمي,ae:41:02:e7:59:bf,2437,6,2.4,20,-74.0,,,,WPA2-Personal,no,"ruangan kosong, scan di dalam"
2026-10-05T10:41:23,4,L4-018,,,T1,laptopA,2,RDH,32:b0:b6:1a:35:55,5765,153,5,20,-77.0,,1,0.0,WPA2-Personal,no,"ruangan kosong, scan di dalam"
2026-10-05T10:41:23,4,L4-018,,,T1,laptopA,2,Infinix NOTE 30,96:80:d3:79:ef:7e,2447,8,2.4,20,-75.0,,,,Open,no,"ruangan kosong, scan di dalam"
2026-10-05T10:41:23,4,L4-018,,,T1,laptopA,2,hello,aa:a4:5a:17:e6:ba,2427,4,2.4,20,-82.0,,,,Open,no,"ruangan kosong, scan di dalam"
2026-10-05T10:41:23,4,L4-018,,,T1,laptopA,2,WiFi-UB.x,c0:c7:0a:98:34:d1,5765,153,5,20,-62.0,,29,85.5,WPA2/3-Enterprise,capable,"ruangan kosong, scan di dalam"
2026-10-05T10:41:23,4,L4-018,,,T1,laptopA,2,"3x - 16 = 20, x = ?",62:20:00:37:ba:e1,2462,11,2.4,20,-68.0,,,,WPA2/WPA3-Personal,capable,"ruangan kosong, scan di dalam"
2026-10-05T10:41:23,4,L4-018,,,T1,laptopA,2,WiFi-UB.x,c0:c7:0a:58:34:d2,2462,11,2.4,20,-77.0,,8,55.7,WPA2/3-Enterprise,capable,"ruangan kosong, scan di dalam"
2026-10-05T10:41:23,4,L4-018,,,T1,laptopA,2,FILKOM EVENT,c0:c7:0a:58:34:d1,2462,11,2.4,20,-77.0,,0,55.7,WPA2-Personal,capable,"ruangan kosong, scan di dalam"
2026-10-05T10:41:23,4,L4-018,,,T1,laptopA,2,eduroam,c0:c7:0a:58:34:d0,2462,11,2.4,20,-76.0,,1,55.7,WPA2/3-Enterprise,capable,"ruangan kosong, scan di dalam"
2026-10-05T10:41:23,4,L4-018,,,T1,laptopA,2,WiFi-UB.x,c0:c7:0a:98:3a:52,5180,36,5,20,-43.0,,53,80.8,WPA2/3-Enterprise,capable,"ruangan kosong, scan di dalam"
2026-10-05T10:41:23,4,L4-018,,,T1,laptopA,2,FILKOM EVENT,c0:c7:0a:98:3a:51,5180,36,5,20,-43.0,,3,80.8,WPA2-Personal,capable,"ruangan kosong, scan di dalam"
2026-10-05T10:41:23,4,L4-018,,,T1,laptopA,2,FILKOM EVENT,c0:c7:0a:98:34:12,5220,44,5,20,-79.0,,2,38.8,WPA2-Personal,capable,"ruangan kosong, scan di dalam"
2026-10-05T10:41:23,4,L4-018,,,T1,laptopA,2,eduroam,c0:c7:0a:98:3a:50,5180,36,5,20,-40.0,,11,80.8,WPA2/3-Enterprise,capable,"ruangan kosong, scan di dalam"
2026-10-05T10:41:23,4,L4-018,,,T1,laptopA,2,FILKOM EVENT,c0:c7:0a:98:38:b2,5805,161,5,20,-73.0,,4,71.8,WPA2-Personal,capable,"ruangan kosong, scan di dalam"
2026-10-05T10:41:23,4,L4-018,,,T1,laptopA,2,eduroam,c0:c7:0a:98:38:b0,5805,161,5,20,-73.0,,8,71.8,WPA2/3-Enterprise,capable,"ruangan kosong, scan di dalam"
2026-10-05T10:41:23,4,L4-018,,,T1,laptopA,2,eduroam,c0:c7:0a:98:34:10,5220,44,5,20,-78.0,,11,38.8,WPA2/3-Enterprise,capable,"ruangan kosong, scan di dalam"
2026-10-05T10:41:23,4,L4-018,,,T1,laptopA,2,eduroam,c0:c7:0a:98:34:d0,5765,153,5,20,-62.0,,6,85.5,WPA2/3-Enterprise,capable,"ruangan kosong, scan di dalam"
2026-10-05T10:41:23,4,L4-018,,,T1,laptopA,2,FILKOM EVENT,c0:c7:0a:98:34:d2,5765,153,5,20,-62.0,,1,85.5,WPA2-Personal,capable,"ruangan kosong, scan di dalam"
2026-10-05T10:41:32,4,L4-018,,,T1,laptopA,3,FILKOM EVENT,54:d7:e3:42:42:c3,2462,11,2.4,20,-85.0,,,,WPA2-Personal,no,"ruangan kosong, scan di dalam"
2026-10-05T10:41:32,4,L4-018,,,T1,laptopA,3,FILKOM EVENT,c0:c7:0a:58:34:12,2412,1,2.4,20,-78.0,,0,32.5,WPA2-Personal,capable,"ruangan kosong, scan di dalam"
2026-10-05T10:41:32,4,L4-018,,,T1,laptopA,3,WiFi-FILKOM,54:d7:e3:42:42:c1,2462,11,2.4,20,-85.0,,,,WPA2/3-Enterprise,no,"ruangan kosong, scan di dalam"
2026-10-05T10:41:32,4,L4-018,,,T1,laptopA,3,eduroam,54:d7:e3:42:42:c2,2462,11,2.4,20,-85.0,,,,WPA2/3-Enterprise,no,"ruangan kosong, scan di dalam"
2026-10-05T10:41:32,4,L4-018,,,T1,laptopA,3,WiFi-UB.x,c0:c7:0a:58:34:11,2412,1,2.4,20,-77.0,,9,32.5,WPA2/3-Enterprise,capable,"ruangan kosong, scan di dalam"
2026-10-05T10:41:32,4,L4-018,,,T1,laptopA,3,Alexander,42:d3:e9:5d:f8:2e,2437,6,2.4,20,-63.0,,,,WPA2-Personal,no,"ruangan kosong, scan di dalam"
2026-10-05T10:41:32,4,L4-018,,,T1,laptopA,3,iPhone (2),5a:b2:de:c6:2a:1b,2437,6,2.4,20,-84.0,,,,WPA2/WPA3-Personal,capable,"ruangan kosong, scan di dalam"
2026-10-05T10:41:32,4,L4-018,,,T1,laptopA,3,eduroam,c0:c7:0a:58:34:10,2412,1,2.4,20,-77.0,,1,32.5,WPA2/3-Enterprise,capable,"ruangan kosong, scan di dalam"
2026-10-05T10:41:32,4,L4-018,,,T1,laptopA,3,FILKOM EVENT,ec:bd:1d:af:f6:73,2412,1,2.4,20,-84.0,,2,54.1,WPA2-Personal,no,"ruangan kosong, scan di dalam"
2026-10-05T10:41:32,4,L4-018,,,T1,laptopA,3,WiFi-UB.x,54:d7:e3:42:42:c0,2462,11,2.4,20,-86.0,,,,WPA2/3-Enterprise,no,"ruangan kosong, scan di dalam"
2026-10-05T10:41:32,4,L4-018,,,T1,laptopA,3,سمي,ae:41:02:e7:59:bf,2437,6,2.4,20,-75.0,,,,WPA2-Personal,no,"ruangan kosong, scan di dalam"
2026-10-05T10:41:32,4,L4-018,,,T1,laptopA,3,RDH,32:b0:b6:1a:35:55,5765,153,5,20,-77.0,,1,0.0,WPA2-Personal,no,"ruangan kosong, scan di dalam"
2026-10-05T10:41:32,4,L4-018,,,T1,laptopA,3,Infinix NOTE 30,96:80:d3:79:ef:7e,2447,8,2.4,20,-74.0,,,,Open,no,"ruangan kosong, scan di dalam"
2026-10-05T10:41:32,4,L4-018,,,T1,laptopA,3,hello,aa:a4:5a:17:e6:ba,2427,4,2.4,20,-82.0,,,,Open,no,"ruangan kosong, scan di dalam"
2026-10-05T10:41:32,4,L4-018,,,T1,laptopA,3,WiFi-UB.x,c0:c7:0a:98:34:d1,5765,153,5,20,-70.0,,30,82.0,WPA2/3-Enterprise,capable,"ruangan kosong, scan di dalam"
2026-10-05T10:41:32,4,L4-018,,,T1,laptopA,3,"3x - 16 = 20, x = ?",62:20:00:37:ba:e1,2462,11,2.4,20,-71.0,,,,WPA2/WPA3-Personal,capable,"ruangan kosong, scan di dalam"
2026-10-05T10:41:32,4,L4-018,,,T1,laptopA,3,WiFi-UB.x,c0:c7:0a:58:34:d2,2462,11,2.4,20,-71.0,,8,46.7,WPA2/3-Enterprise,capable,"ruangan kosong, scan di dalam"
2026-10-05T10:41:32,4,L4-018,,,T1,laptopA,3,FILKOM EVENT,c0:c7:0a:58:34:d1,2462,11,2.4,20,-71.0,,0,46.7,WPA2-Personal,capable,"ruangan kosong, scan di dalam"
2026-10-05T10:41:32,4,L4-018,,,T1,laptopA,3,eduroam,c0:c7:0a:58:34:d0,2462,11,2.4,20,-71.0,,1,46.7,WPA2/3-Enterprise,capable,"ruangan kosong, scan di dalam"
2026-10-05T10:41:32,4,L4-018,,,T1,laptopA,3,WiFi-UB.x,c0:c7:0a:98:3a:52,5180,36,5,20,-41.0,,53,75.7,WPA2/3-Enterprise,capable,"ruangan kosong, scan di dalam"
2026-10-05T10:41:32,4,L4-018,,,T1,laptopA,3,FILKOM EVENT,c0:c7:0a:98:3a:51,5180,36,5,20,-47.0,,3,75.7,WPA2-Personal,capable,"ruangan kosong, scan di dalam"
2026-10-05T10:41:32,4,L4-018,,,T1,laptopA,3,FILKOM EVENT,c0:c7:0a:98:34:12,5220,44,5,20,-76.0,,2,58.4,WPA2-Personal,capable,"ruangan kosong, scan di dalam"
2026-10-05T10:41:32,4,L4-018,,,T1,laptopA,3,eduroam,c0:c7:0a:98:3a:50,5180,36,5,20,-43.0,,11,75.7,WPA2/3-Enterprise,capable,"ruangan kosong, scan di dalam"
2026-10-05T10:41:32,4,L4-018,,,T1,laptopA,3,FILKOM EVENT,c0:c7:0a:98:38:b2,5805,161,5,20,-73.0,,4,54.9,WPA2-Personal,capable,"ruangan kosong, scan di dalam"
2026-10-05T10:41:32,4,L4-018,,,T1,laptopA,3,eduroam,c0:c7:0a:98:38:b0,5805,161,5,20,-72.0,,9,54.9,WPA2/3-Enterprise,capable,"ruangan kosong, scan di dalam"
2026-10-05T10:41:32,4,L4-018,,,T1,laptopA,3,eduroam,c0:c7:0a:98:34:10,5220,44,5,20,-75.0,,11,58.4,WPA2/3-Enterprise,capable,"ruangan kosong, scan di dalam"
2026-10-05T10:41:32,4,L4-018,,,T1,laptopA,3,eduroam,c0:c7:0a:98:34:d0,5765,153,5,20,-69.0,,6,82.0,WPA2/3-Enterprise,capable,"ruangan kosong, scan di dalam"
2026-10-05T10:41:32,4,L4-018,,,T1,laptopA,3,FILKOM EVENT,c0:c7:0a:98:34:d2,5765,153,5,20,-71.0,,1,82.0,WPA2-Personal,capable,"ruangan kosong, scan di dalam"
2026-10-05T10:43:00,4,L4-016,,,T1,laptopA,1,FILKOM EVENT,54:d7:e3:42:42:c3,2462,11,2.4,20,-85.0,,,,WPA2-Personal,no,di koridor
2026-10-05T10:43:00,4,L4-016,,,T1,laptopA,1,FILKOM EVENT,c0:c7:0a:58:34:12,2412,1,2.4,20,-78.0,,0,32.5,WPA2-Personal,capable,di koridor
2026-10-05T10:43:00,4,L4-016,,,T1,laptopA,1,WiFi-FILKOM,54:d7:e3:42:42:c1,2462,11,2.4,20,-85.0,,,,WPA2/3-Enterprise,no,di koridor
2026-10-05T10:43:00,4,L4-016,,,T1,laptopA,1,eduroam,54:d7:e3:42:42:c2,2462,11,2.4,20,-85.0,,,,WPA2/3-Enterprise,no,di koridor
2026-10-05T10:43:00,4,L4-016,,,T1,laptopA,1,WiFi-UB.x,c0:c7:0a:58:34:11,2412,1,2.4,20,-77.0,,9,32.5,WPA2/3-Enterprise,capable,di koridor
2026-10-05T10:43:00,4,L4-016,,,T1,laptopA,1,Alexander,42:d3:e9:5d:f8:2e,2437,6,2.4,20,-63.0,,,,WPA2-Personal,no,di koridor
2026-10-05T10:43:00,4,L4-016,,,T1,laptopA,1,iPhone (2),5a:b2:de:c6:2a:1b,2437,6,2.4,20,-84.0,,,,WPA2/WPA3-Personal,capable,di koridor
2026-10-05T10:43:00,4,L4-016,,,T1,laptopA,1,eduroam,c0:c7:0a:58:34:10,2412,1,2.4,20,-77.0,,1,32.5,WPA2/3-Enterprise,capable,di koridor
2026-10-05T10:43:00,4,L4-016,,,T1,laptopA,1,FILKOM EVENT,ec:bd:1d:af:f6:73,2412,1,2.4,20,-84.0,,2,54.1,WPA2-Personal,no,di koridor
2026-10-05T10:43:00,4,L4-016,,,T1,laptopA,1,WiFi-UB.x,54:d7:e3:42:42:c0,2462,11,2.4,20,-86.0,,,,WPA2/3-Enterprise,no,di koridor
2026-10-05T10:43:00,4,L4-016,,,T1,laptopA,1,سمي,ae:41:02:e7:59:bf,2437,6,2.4,20,-71.0,,,,WPA2-Personal,no,di koridor
2026-10-05T10:43:00,4,L4-016,,,T1,laptopA,1,RDH,32:b0:b6:1a:35:55,5765,153,5,20,-77.0,,1,0.0,WPA2-Personal,no,di koridor
2026-10-05T10:43:00,4,L4-016,,,T1,laptopA,1,Infinix NOTE 30,96:80:d3:79:ef:7e,2447,8,2.4,20,-71.0,,,,Open,no,di koridor
2026-10-05T10:43:00,4,L4-016,,,T1,laptopA,1,hello,aa:a4:5a:17:e6:ba,2427,4,2.4,20,-84.0,,,,Open,no,di koridor
2026-10-05T10:43:00,4,L4-016,,,T1,laptopA,1,WiFi-UB.x,c0:c7:0a:98:34:d1,5765,153,5,20,-60.0,,26,82.4,WPA2/3-Enterprise,capable,di koridor
2026-10-05T10:43:00,4,L4-016,,,T1,laptopA,1,OPPO A16,ea:88:83:dd:f0:40,2437,6,2.4,20,-78.0,,,,WPA2-Personal,no,di koridor
2026-10-05T10:43:00,4,L4-016,,,T1,laptopA,1,"3x - 16 = 20, x = ?",62:20:00:37:ba:e1,2462,11,2.4,20,-73.0,,,,WPA2/WPA3-Personal,capable,di koridor
2026-10-05T10:43:00,4,L4-016,,,T1,laptopA,1,WiFi-UB.x,c0:c7:0a:58:34:d2,2462,11,2.4,20,-76.0,,7,64.7,WPA2/3-Enterprise,capable,di koridor
2026-10-05T10:43:00,4,L4-016,,,T1,laptopA,1,FILKOM EVENT,c0:c7:0a:58:34:d1,2462,11,2.4,20,-77.0,,0,64.7,WPA2-Personal,capable,di koridor
2026-10-05T10:43:00,4,L4-016,,,T1,laptopA,1,eduroam,c0:c7:0a:58:34:d0,2462,11,2.4,20,-76.0,,2,64.7,WPA2/3-Enterprise,capable,di koridor
2026-10-05T10:43:00,4,L4-016,,,T1,laptopA,1,WiFi-UB.x,c0:c7:0a:98:3a:52,5180,36,5,20,-41.0,,56,68.6,WPA2/3-Enterprise,capable,di koridor
2026-10-05T10:43:00,4,L4-016,,,T1,laptopA,1,FILKOM EVENT,c0:c7:0a:98:3a:51,5180,36,5,20,-45.0,,3,68.6,WPA2-Personal,capable,di koridor
2026-10-05T10:43:00,4,L4-016,,,T1,laptopA,1,FILKOM EVENT,c0:c7:0a:98:34:12,5220,44,5,20,-79.0,,3,53.7,WPA2-Personal,capable,di koridor
2026-10-05T10:43:00,4,L4-016,,,T1,laptopA,1,eduroam,c0:c7:0a:98:3a:50,5180,36,5,20,-41.0,,12,68.6,WPA2/3-Enterprise,capable,di koridor
2026-10-05T10:43:00,4,L4-016,,,T1,laptopA,1,FILKOM EVENT,c0:c7:0a:98:38:b2,5805,161,5,20,-70.0,,3,62.7,WPA2-Personal,capable,di koridor
2026-10-05T10:43:00,4,L4-016,,,T1,laptopA,1,eduroam,c0:c7:0a:98:38:b0,5805,161,5,20,-69.0,,9,62.7,WPA2/3-Enterprise,capable,di koridor
2026-10-05T10:43:00,4,L4-016,,,T1,laptopA,1,eduroam,c0:c7:0a:98:34:10,5220,44,5,20,-78.0,,10,53.7,WPA2/3-Enterprise,capable,di koridor
2026-10-05T10:43:00,4,L4-016,,,T1,laptopA,1,eduroam,c0:c7:0a:98:34:d0,5765,153,5,20,-60.0,,5,82.4,WPA2/3-Enterprise,capable,di koridor
2026-10-05T10:43:00,4,L4-016,,,T1,laptopA,1,FILKOM EVENT,c0:c7:0a:98:34:d2,5765,153,5,20,-61.0,,1,82.4,WPA2-Personal,capable,di koridor
2026-10-05T10:43:09,4,L4-016,,,T1,laptopA,2,FILKOM EVENT,54:d7:e3:42:42:c3,2462,11,2.4,20,-85.0,,,,WPA2-Personal,no,di koridor
2026-10-05T10:43:09,4,L4-016,,,T1,laptopA,2,FILKOM EVENT,c0:c7:0a:58:34:12,2412,1,2.4,20,-78.0,,0,32.5,WPA2-Personal,capable,di koridor
2026-10-05T10:43:09,4,L4-016,,,T1,laptopA,2,WiFi-FILKOM,54:d7:e3:42:42:c1,2462,11,2.4,20,-85.0,,,,WPA2/3-Enterprise,no,di koridor
2026-10-05T10:43:09,4,L4-016,,,T1,laptopA,2,eduroam,54:d7:e3:42:42:c2,2462,11,2.4,20,-85.0,,,,WPA2/3-Enterprise,no,di koridor
2026-10-05T10:43:09,4,L4-016,,,T1,laptopA,2,WiFi-UB.x,c0:c7:0a:58:34:11,2412,1,2.4,20,-77.0,,9,32.5,WPA2/3-Enterprise,capable,di koridor
2026-10-05T10:43:09,4,L4-016,,,T1,laptopA,2,Alexander,42:d3:e9:5d:f8:2e,2437,6,2.4,20,-74.0,,,,WPA2-Personal,no,di koridor
2026-10-05T10:43:09,4,L4-016,,,T1,laptopA,2,iPhone (2),5a:b2:de:c6:2a:1b,2437,6,2.4,20,-84.0,,,,WPA2/WPA3-Personal,capable,di koridor
2026-10-05T10:43:09,4,L4-016,,,T1,laptopA,2,eduroam,c0:c7:0a:58:34:10,2412,1,2.4,20,-77.0,,1,32.5,WPA2/3-Enterprise,capable,di koridor
2026-10-05T10:43:09,4,L4-016,,,T1,laptopA,2,FILKOM EVENT,ec:bd:1d:af:f6:73,2412,1,2.4,20,-84.0,,2,54.1,WPA2-Personal,no,di koridor
2026-10-05T10:43:09,4,L4-016,,,T1,laptopA,2,WiFi-UB.x,54:d7:e3:42:42:c0,2462,11,2.4,20,-86.0,,,,WPA2/3-Enterprise,no,di koridor
2026-10-05T10:43:09,4,L4-016,,,T1,laptopA,2,سمي,ae:41:02:e7:59:bf,2437,6,2.4,20,-76.0,,,,WPA2-Personal,no,di koridor
2026-10-05T10:43:09,4,L4-016,,,T1,laptopA,2,RDH,32:b0:b6:1a:35:55,5765,153,5,20,-77.0,,1,0.0,WPA2-Personal,no,di koridor
2026-10-05T10:43:09,4,L4-016,,,T1,laptopA,2,Infinix NOTE 30,96:80:d3:79:ef:7e,2447,8,2.4,20,-71.0,,,,Open,no,di koridor
2026-10-05T10:43:09,4,L4-016,,,T1,laptopA,2,hello,aa:a4:5a:17:e6:ba,2427,4,2.4,20,-84.0,,,,Open,no,di koridor
2026-10-05T10:43:09,4,L4-016,,,T1,laptopA,2,WiFi-UB.x,c0:c7:0a:98:34:d1,5765,153,5,20,-60.0,,26,82.4,WPA2/3-Enterprise,capable,di koridor
2026-10-05T10:43:09,4,L4-016,,,T1,laptopA,2,OPPO A16,ea:88:83:dd:f0:40,2437,6,2.4,20,-86.0,,,,WPA2-Personal,no,di koridor
2026-10-05T10:43:09,4,L4-016,,,T1,laptopA,2,"3x - 16 = 20, x = ?",62:20:00:37:ba:e1,2462,11,2.4,20,-69.0,,,,WPA2/WPA3-Personal,capable,di koridor
2026-10-05T10:43:09,4,L4-016,,,T1,laptopA,2,WiFi-UB.x,c0:c7:0a:58:34:d2,2462,11,2.4,20,-79.0,,8,63.1,WPA2/3-Enterprise,capable,di koridor
2026-10-05T10:43:09,4,L4-016,,,T1,laptopA,2,FILKOM EVENT,c0:c7:0a:58:34:d1,2462,11,2.4,20,-80.0,,0,63.1,WPA2-Personal,capable,di koridor
2026-10-05T10:43:09,4,L4-016,,,T1,laptopA,2,eduroam,c0:c7:0a:58:34:d0,2462,11,2.4,20,-79.0,,2,63.1,WPA2/3-Enterprise,capable,di koridor
2026-10-05T10:43:09,4,L4-016,,,T1,laptopA,2,WiFi-UB.x,c0:c7:0a:98:3a:52,5180,36,5,20,-40.0,,57,67.5,WPA2/3-Enterprise,capable,di koridor
2026-10-05T10:43:09,4,L4-016,,,T1,laptopA,2,FILKOM EVENT,c0:c7:0a:98:3a:51,5180,36,5,20,-45.0,,3,68.6,WPA2-Personal,capable,di koridor
2026-10-05T10:43:09,4,L4-016,,,T1,laptopA,2,FILKOM EVENT,c0:c7:0a:98:34:12,5220,44,5,20,-79.0,,3,53.7,WPA2-Personal,capable,di koridor
2026-10-05T10:43:09,4,L4-016,,,T1,laptopA,2,eduroam,c0:c7:0a:98:3a:50,5180,36,5,20,-41.0,,12,68.6,WPA2/3-Enterprise,capable,di koridor
2026-10-05T10:43:09,4,L4-016,,,T1,laptopA,2,FILKOM EVENT,c0:c7:0a:98:38:b2,5805,161,5,20,-70.0,,3,62.7,WPA2-Personal,capable,di koridor
2026-10-05T10:43:09,4,L4-016,,,T1,laptopA,2,eduroam,c0:c7:0a:98:38:b0,5805,161,5,20,-69.0,,9,62.7,WPA2/3-Enterprise,capable,di koridor
2026-10-05T10:43:09,4,L4-016,,,T1,laptopA,2,eduroam,c0:c7:0a:98:34:10,5220,44,5,20,-78.0,,10,53.7,WPA2/3-Enterprise,capable,di koridor
2026-10-05T10:43:09,4,L4-016,,,T1,laptopA,2,eduroam,c0:c7:0a:98:34:d0,5765,153,5,20,-68.0,,5,79.2,WPA2/3-Enterprise,capable,di koridor
2026-10-05T10:43:09,4,L4-016,,,T1,laptopA,2,FILKOM EVENT,c0:c7:0a:98:34:d2,5765,153,5,20,-69.0,,1,79.2,WPA2-Personal,capable,di koridor
2026-10-05T10:43:18,4,L4-016,,,T1,laptopA,3,FILKOM EVENT,54:d7:e3:42:42:c3,2462,11,2.4,20,-85.0,,,,WPA2-Personal,no,di koridor
2026-10-05T10:43:18,4,L4-016,,,T1,laptopA,3,FILKOM EVENT,c0:c7:0a:58:34:12,2412,1,2.4,20,-78.0,,0,32.5,WPA2-Personal,capable,di koridor
2026-10-05T10:43:18,4,L4-016,,,T1,laptopA,3,WiFi-FILKOM,54:d7:e3:42:42:c1,2462,11,2.4,20,-85.0,,,,WPA2/3-Enterprise,no,di koridor
2026-10-05T10:43:18,4,L4-016,,,T1,laptopA,3,eduroam,54:d7:e3:42:42:c2,2462,11,2.4,20,-85.0,,,,WPA2/3-Enterprise,no,di koridor
2026-10-05T10:43:18,4,L4-016,,,T1,laptopA,3,WiFi-UB.x,c0:c7:0a:58:34:11,2412,1,2.4,20,-77.0,,9,32.5,WPA2/3-Enterprise,capable,di koridor
2026-10-05T10:43:18,4,L4-016,,,T1,laptopA,3,Alexander,42:d3:e9:5d:f8:2e,2437,6,2.4,20,-69.0,,,,WPA2-Personal,no,di koridor
2026-10-05T10:43:18,4,L4-016,,,T1,laptopA,3,iPhone (2),5a:b2:de:c6:2a:1b,2437,6,2.4,20,-84.0,,,,WPA2/WPA3-Personal,capable,di koridor
2026-10-05T10:43:18,4,L4-016,,,T1,laptopA,3,eduroam,c0:c7:0a:58:34:10,2412,1,2.4,20,-77.0,,1,32.5,WPA2/3-Enterprise,capable,di koridor
2026-10-05T10:43:18,4,L4-016,,,T1,laptopA,3,WiFi-UB.x,54:d7:e3:42:42:c0,2462,11,2.4,20,-86.0,,,,WPA2/3-Enterprise,no,di koridor
2026-10-05T10:43:18,4,L4-016,,,T1,laptopA,3,سمي,ae:41:02:e7:59:bf,2437,6,2.4,20,-63.0,,,,WPA2-Personal,no,di koridor
2026-10-05T10:43:18,4,L4-016,,,T1,laptopA,3,RDH,32:b0:b6:1a:35:55,5765,153,5,20,-77.0,,1,0.0,WPA2-Personal,no,di koridor
2026-10-05T10:43:18,4,L4-016,,,T1,laptopA,3,Infinix NOTE 30,96:80:d3:79:ef:7e,2447,8,2.4,20,-71.0,,,,Open,no,di koridor
2026-10-05T10:43:18,4,L4-016,,,T1,laptopA,3,hello,aa:a4:5a:17:e6:ba,2427,4,2.4,20,-84.0,,,,Open,no,di koridor
2026-10-05T10:43:18,4,L4-016,,,T1,laptopA,3,WiFi-UB.x,c0:c7:0a:98:34:d1,5765,153,5,20,-60.0,,26,82.4,WPA2/3-Enterprise,capable,di koridor
2026-10-05T10:43:18,4,L4-016,,,T1,laptopA,3,OPPO A16,ea:88:83:dd:f0:40,2437,6,2.4,20,-75.0,,,,WPA2-Personal,no,di koridor
2026-10-05T10:43:18,4,L4-016,,,T1,laptopA,3,"3x - 16 = 20, x = ?",62:20:00:37:ba:e1,2462,11,2.4,20,-67.0,,,,WPA2/WPA3-Personal,capable,di koridor
2026-10-05T10:43:18,4,L4-016,,,T1,laptopA,3,WiFi-UB.x,c0:c7:0a:58:34:d2,2462,11,2.4,20,-75.0,,8,51.4,WPA2/3-Enterprise,capable,di koridor
2026-10-05T10:43:18,4,L4-016,,,T1,laptopA,3,FILKOM EVENT,c0:c7:0a:58:34:d1,2462,11,2.4,20,-77.0,,0,51.4,WPA2-Personal,capable,di koridor
2026-10-05T10:43:18,4,L4-016,,,T1,laptopA,3,eduroam,c0:c7:0a:58:34:d0,2462,11,2.4,20,-77.0,,2,51.4,WPA2/3-Enterprise,capable,di koridor
2026-10-05T10:43:18,4,L4-016,,,T1,laptopA,3,WiFi-UB.x,c0:c7:0a:98:3a:52,5180,36,5,20,-45.0,,58,76.9,WPA2/3-Enterprise,capable,di koridor
2026-10-05T10:43:18,4,L4-016,,,T1,laptopA,3,FILKOM EVENT,c0:c7:0a:98:3a:51,5180,36,5,20,-41.0,,3,76.9,WPA2-Personal,capable,di koridor
2026-10-05T10:43:18,4,L4-016,,,T1,laptopA,3,FILKOM EVENT,c0:c7:0a:98:34:12,5220,44,5,20,-79.0,,3,53.7,WPA2-Personal,capable,di koridor
2026-10-05T10:43:18,4,L4-016,,,T1,laptopA,3,eduroam,c0:c7:0a:98:3a:50,5180,36,5,20,-36.0,,12,76.9,WPA2/3-Enterprise,capable,di koridor
2026-10-05T10:43:18,4,L4-016,,,T1,laptopA,3,FILKOM EVENT,c0:c7:0a:98:38:b2,5805,161,5,20,-78.0,,3,23.5,WPA2-Personal,capable,di koridor
2026-10-05T10:43:18,4,L4-016,,,T1,laptopA,3,eduroam,c0:c7:0a:98:38:b0,5805,161,5,20,-77.0,,9,23.5,WPA2/3-Enterprise,capable,di koridor
2026-10-05T10:43:18,4,L4-016,,,T1,laptopA,3,eduroam,c0:c7:0a:98:34:10,5220,44,5,20,-78.0,,10,53.7,WPA2/3-Enterprise,capable,di koridor
2026-10-05T10:43:18,4,L4-016,,,T1,laptopA,3,eduroam,c0:c7:0a:98:34:d0,5765,153,5,20,-68.0,,5,79.2,WPA2/3-Enterprise,capable,di koridor
2026-10-05T10:43:18,4,L4-016,,,T1,laptopA,3,FILKOM EVENT,c0:c7:0a:98:34:d2,5765,153,5,20,-69.0,,1,79.2,WPA2-Personal,capable,di koridor
2026-10-05T10:44:05,4,L4-015,,,T1,laptopA,1,eduroam,c0:c7:0a:98:3a:c0,5200,40,5,20,-79.0,,14,68.2,WPA2/3-Enterprise,capable,di kursi ruang tunggu
2026-10-05T10:44:05,4,L4-015,,,T1,laptopA,1,Alexander,42:d3:e9:5d:f8:2e,2437,6,2.4,20,-67.0,,,,WPA2-Personal,no,di kursi ruang tunggu
2026-10-05T10:44:05,4,L4-015,,,T1,laptopA,1,eduroam,c0:c7:0a:58:34:10,2412,1,2.4,20,-81.0,,1,59.2,WPA2/3-Enterprise,capable,di kursi ruang tunggu
2026-10-05T10:44:05,4,L4-015,,,T1,laptopA,1,سمي,ae:41:02:e7:59:bf,2437,6,2.4,20,-73.0,,,,WPA2-Personal,no,di kursi ruang tunggu
2026-10-05T10:44:05,4,L4-015,,,T1,laptopA,1,Infinix NOTE 30,96:80:d3:79:ef:7e,2447,8,2.4,20,-84.0,,,,Open,no,di kursi ruang tunggu
2026-10-05T10:44:05,4,L4-015,,,T1,laptopA,1,hello,aa:a4:5a:17:e6:ba,2427,4,2.4,20,-84.0,,,,Open,no,di kursi ruang tunggu
2026-10-05T10:44:05,4,L4-015,,,T1,laptopA,1,WiFi-UB.x,c0:c7:0a:98:34:d1,5765,153,5,20,-60.0,,26,82.4,WPA2/3-Enterprise,capable,di kursi ruang tunggu
2026-10-05T10:44:05,4,L4-015,,,T1,laptopA,1,OPPO A16,ea:88:83:dd:f0:40,2437,6,2.4,20,-75.0,,,,WPA2-Personal,no,di kursi ruang tunggu
2026-10-05T10:44:05,4,L4-015,,,T1,laptopA,1,"3x - 16 = 20, x = ?",62:20:00:37:ba:e1,2462,11,2.4,20,-62.0,,,,WPA2/WPA3-Personal,capable,di kursi ruang tunggu
2026-10-05T10:44:05,4,L4-015,,,T1,laptopA,1,WiFi-UB.x,c0:c7:0a:58:34:d2,2462,11,2.4,20,-79.0,,6,51.4,WPA2/3-Enterprise,capable,di kursi ruang tunggu
2026-10-05T10:44:05,4,L4-015,,,T1,laptopA,1,FILKOM EVENT,c0:c7:0a:58:34:d1,2462,11,2.4,20,-78.0,,0,51.4,WPA2-Personal,capable,di kursi ruang tunggu
2026-10-05T10:44:05,4,L4-015,,,T1,laptopA,1,eduroam,c0:c7:0a:58:34:d0,2462,11,2.4,20,-79.0,,2,51.4,WPA2/3-Enterprise,capable,di kursi ruang tunggu
2026-10-05T10:44:05,4,L4-015,,,T1,laptopA,1,WiFi-UB.x,c0:c7:0a:98:3a:52,5180,36,5,20,-39.0,,59,45.5,WPA2/3-Enterprise,capable,di kursi ruang tunggu
2026-10-05T10:44:05,4,L4-015,,,T1,laptopA,1,FILKOM EVENT,c0:c7:0a:98:3a:51,5180,36,5,20,-41.0,,3,76.9,WPA2-Personal,capable,di kursi ruang tunggu
2026-10-05T10:44:05,4,L4-015,,,T1,laptopA,1,FILKOM EVENT,c0:c7:0a:98:34:12,5220,44,5,20,-71.0,,2,41.2,WPA2-Personal,capable,di kursi ruang tunggu
2026-10-05T10:44:05,4,L4-015,,,T1,laptopA,1,eduroam,c0:c7:0a:98:3a:50,5180,36,5,20,-46.0,,12,76.9,WPA2/3-Enterprise,capable,di kursi ruang tunggu
2026-10-05T10:44:05,4,L4-015,,,T1,laptopA,1,FILKOM EVENT,c0:c7:0a:98:38:b2,5805,161,5,20,-78.0,,3,23.5,WPA2-Personal,capable,di kursi ruang tunggu
2026-10-05T10:44:05,4,L4-015,,,T1,laptopA,1,eduroam,c0:c7:0a:98:38:b0,5805,161,5,20,-77.0,,9,23.5,WPA2/3-Enterprise,capable,di kursi ruang tunggu
2026-10-05T10:44:05,4,L4-015,,,T1,laptopA,1,eduroam,c0:c7:0a:98:34:10,5220,44,5,20,-70.0,,10,41.2,WPA2/3-Enterprise,capable,di kursi ruang tunggu
2026-10-05T10:44:05,4,L4-015,,,T1,laptopA,1,eduroam,c0:c7:0a:98:34:d0,5765,153,5,20,-68.0,,5,79.2,WPA2/3-Enterprise,capable,di kursi ruang tunggu
2026-10-05T10:44:05,4,L4-015,,,T1,laptopA,1,FILKOM EVENT,c0:c7:0a:98:34:d2,5765,153,5,20,-69.0,,1,79.2,WPA2-Personal,capable,di kursi ruang tunggu
2026-10-05T10:44:14,4,L4-015,,,T1,laptopA,2,WiFi-UB.x,c0:c7:0a:98:38:b1,5805,161,5,20,-62.0,,36,27.5,WPA2/3-Enterprise,capable,di kursi ruang tunggu
2026-10-05T10:44:14,4,L4-015,,,T1,laptopA,2,eduroam,c0:c7:0a:98:3a:c0,5200,40,5,20,-79.0,,14,68.2,WPA2/3-Enterprise,capable,di kursi ruang tunggu
2026-10-05T10:44:14,4,L4-015,,,T1,laptopA,2,Alexander,42:d3:e9:5d:f8:2e,2437,6,2.4,20,-66.0,,,,WPA2-Personal,no,di kursi ruang tunggu
2026-10-05T10:44:14,4,L4-015,,,T1,laptopA,2,iPhone (2),5a:b2:de:c6:2a:1b,2437,6,2.4,20,-87.0,,,,WPA2/WPA3-Personal,capable,di kursi ruang tunggu
2026-10-05T10:44:14,4,L4-015,,,T1,laptopA,2,eduroam,c0:c7:0a:58:34:10,2412,1,2.4,20,-81.0,,1,59.2,WPA2/3-Enterprise,capable,di kursi ruang tunggu
2026-10-05T10:44:14,4,L4-015,,,T1,laptopA,2,سمي,ae:41:02:e7:59:bf,2437,6,2.4,20,-73.0,,,,WPA2-Personal,no,di kursi ruang tunggu
2026-10-05T10:44:14,4,L4-015,,,T1,laptopA,2,Infinix NOTE 30,96:80:d3:79:ef:7e,2447,8,2.4,20,-78.0,,,,Open,no,di kursi ruang tunggu
2026-10-05T10:44:14,4,L4-015,,,T1,laptopA,2,hello,aa:a4:5a:17:e6:ba,2427,4,2.4,20,-84.0,,,,Open,no,di kursi ruang tunggu
2026-10-05T10:44:14,4,L4-015,,,T1,laptopA,2,WiFi-UB.x,c0:c7:0a:98:34:d1,5765,153,5,20,-60.0,,26,82.4,WPA2/3-Enterprise,capable,di kursi ruang tunggu
2026-10-05T10:44:14,4,L4-015,,,T1,laptopA,2,OPPO A16,ea:88:83:dd:f0:40,2437,6,2.4,20,-75.0,,,,WPA2-Personal,no,di kursi ruang tunggu
2026-10-05T10:44:14,4,L4-015,,,T1,laptopA,2,"3x - 16 = 20, x = ?",62:20:00:37:ba:e1,2462,11,2.4,20,-61.0,,,,WPA2/WPA3-Personal,capable,di kursi ruang tunggu
2026-10-05T10:44:14,4,L4-015,,,T1,laptopA,2,WiFi-UB.x,c0:c7:0a:58:34:d2,2462,11,2.4,20,-79.0,,6,60.0,WPA2/3-Enterprise,capable,di kursi ruang tunggu
2026-10-05T10:44:14,4,L4-015,,,T1,laptopA,2,FILKOM EVENT,c0:c7:0a:58:34:d1,2462,11,2.4,20,-80.0,,0,60.0,WPA2-Personal,capable,di kursi ruang tunggu
2026-10-05T10:44:14,4,L4-015,,,T1,laptopA,2,eduroam,c0:c7:0a:58:34:d0,2462,11,2.4,20,-79.0,,2,60.0,WPA2/3-Enterprise,capable,di kursi ruang tunggu
2026-10-05T10:44:14,4,L4-015,,,T1,laptopA,2,WiFi-UB.x,c0:c7:0a:98:3a:52,5180,36,5,20,-41.0,,59,38.4,WPA2/3-Enterprise,capable,di kursi ruang tunggu
2026-10-05T10:44:14,4,L4-015,,,T1,laptopA,2,FILKOM EVENT,c0:c7:0a:98:3a:51,5180,36,5,20,-44.0,,4,32.2,WPA2-Personal,capable,di kursi ruang tunggu
2026-10-05T10:44:14,4,L4-015,,,T1,laptopA,2,FILKOM EVENT,c0:c7:0a:98:34:12,5220,44,5,20,-71.0,,2,41.2,WPA2-Personal,capable,di kursi ruang tunggu
2026-10-05T10:44:14,4,L4-015,,,T1,laptopA,2,eduroam,c0:c7:0a:98:3a:50,5180,36,5,20,-41.0,,12,32.2,WPA2/3-Enterprise,capable,di kursi ruang tunggu
2026-10-05T10:44:14,4,L4-015,,,T1,laptopA,2,FILKOM EVENT,c0:c7:0a:98:38:b2,5805,161,5,20,-63.0,,4,27.5,WPA2-Personal,capable,di kursi ruang tunggu
2026-10-05T10:44:14,4,L4-015,,,T1,laptopA,2,eduroam,c0:c7:0a:98:38:b0,5805,161,5,20,-62.0,,9,27.5,WPA2/3-Enterprise,capable,di kursi ruang tunggu
2026-10-05T10:44:14,4,L4-015,,,T1,laptopA,2,eduroam,c0:c7:0a:98:34:10,5220,44,5,20,-70.0,,10,41.2,WPA2/3-Enterprise,capable,di kursi ruang tunggu
2026-10-05T10:44:14,4,L4-015,,,T1,laptopA,2,eduroam,c0:c7:0a:98:34:d0,5765,153,5,20,-68.0,,5,79.2,WPA2/3-Enterprise,capable,di kursi ruang tunggu
2026-10-05T10:44:14,4,L4-015,,,T1,laptopA,2,FILKOM EVENT,c0:c7:0a:98:34:d2,5765,153,5,20,-69.0,,1,79.2,WPA2-Personal,capable,di kursi ruang tunggu
2026-10-05T10:44:23,4,L4-015,,,T1,laptopA,3,OPPO A54,d2:5e:df:fb:3a:27,2437,6,2.4,20,-84.0,,,,WPA2-Personal,no,di kursi ruang tunggu
2026-10-05T10:44:23,4,L4-015,,,T1,laptopA,3,WiFi-UB.x,c0:c7:0a:98:38:b1,5805,161,5,20,-62.0,,36,27.5,WPA2/3-Enterprise,capable,di kursi ruang tunggu
2026-10-05T10:44:23,4,L4-015,,,T1,laptopA,3,eduroam,c0:c7:0a:98:3a:c0,5200,40,5,20,-79.0,,14,68.2,WPA2/3-Enterprise,capable,di kursi ruang tunggu
2026-10-05T10:44:23,4,L4-015,,,T1,laptopA,3,Alexander,42:d3:e9:5d:f8:2e,2437,6,2.4,20,-72.0,,,,WPA2-Personal,no,di kursi ruang tunggu
2026-10-05T10:44:23,4,L4-015,,,T1,laptopA,3,iPhone (2),5a:b2:de:c6:2a:1b,2437,6,2.4,20,-75.0,,,,WPA2/WPA3-Personal,capable,di kursi ruang tunggu
2026-10-05T10:44:23,4,L4-015,,,T1,laptopA,3,eduroam,c0:c7:0a:58:34:10,2412,1,2.4,20,-81.0,,1,59.2,WPA2/3-Enterprise,capable,di kursi ruang tunggu
2026-10-05T10:44:23,4,L4-015,,,T1,laptopA,3,سمي,ae:41:02:e7:59:bf,2437,6,2.4,20,-76.0,,,,WPA2-Personal,no,di kursi ruang tunggu
2026-10-05T10:44:23,4,L4-015,,,T1,laptopA,3,Infinix NOTE 30,96:80:d3:79:ef:7e,2447,8,2.4,20,-78.0,,,,Open,no,di kursi ruang tunggu
2026-10-05T10:44:23,4,L4-015,,,T1,laptopA,3,hello,aa:a4:5a:17:e6:ba,2427,4,2.4,20,-84.0,,,,Open,no,di kursi ruang tunggu
2026-10-05T10:44:23,4,L4-015,,,T1,laptopA,3,WiFi-UB.x,c0:c7:0a:98:34:d1,5765,153,5,20,-60.0,,26,82.4,WPA2/3-Enterprise,capable,di kursi ruang tunggu
2026-10-05T10:44:23,4,L4-015,,,T1,laptopA,3,OPPO A16,ea:88:83:dd:f0:40,2437,6,2.4,20,-75.0,,,,WPA2-Personal,no,di kursi ruang tunggu
2026-10-05T10:44:23,4,L4-015,,,T1,laptopA,3,"3x - 16 = 20, x = ?",62:20:00:37:ba:e1,2462,11,2.4,20,-67.0,,,,WPA2/WPA3-Personal,capable,di kursi ruang tunggu
2026-10-05T10:44:23,4,L4-015,,,T1,laptopA,3,WiFi-UB.x,c0:c7:0a:58:34:d2,2462,11,2.4,20,-81.0,,6,48.2,WPA2/3-Enterprise,capable,di kursi ruang tunggu
2026-10-05T10:44:23,4,L4-015,,,T1,laptopA,3,FILKOM EVENT,c0:c7:0a:58:34:d1,2462,11,2.4,20,-83.0,,0,48.2,WPA2-Personal,capable,di kursi ruang tunggu
2026-10-05T10:44:23,4,L4-015,,,T1,laptopA,3,eduroam,c0:c7:0a:58:34:d0,2462,11,2.4,20,-82.0,,2,48.2,WPA2/3-Enterprise,capable,di kursi ruang tunggu
2026-10-05T10:44:23,4,L4-015,,,T1,laptopA,3,WiFi-UB.x,c0:c7:0a:98:3a:52,5180,36,5,20,-42.0,,59,76.9,WPA2/3-Enterprise,capable,di kursi ruang tunggu
2026-10-05T10:44:23,4,L4-015,,,T1,laptopA,3,FILKOM EVENT,c0:c7:0a:98:3a:51,5180,36,5,20,-57.0,,4,76.9,WPA2-Personal,capable,di kursi ruang tunggu
2026-10-05T10:44:23,4,L4-015,,,T1,laptopA,3,FILKOM EVENT,c0:c7:0a:98:34:12,5220,44,5,20,-70.0,,2,79.6,WPA2-Personal,capable,di kursi ruang tunggu
2026-10-05T10:44:23,4,L4-015,,,T1,laptopA,3,eduroam,c0:c7:0a:98:3a:50,5180,36,5,20,-54.0,,12,76.9,WPA2/3-Enterprise,capable,di kursi ruang tunggu
2026-10-05T10:44:23,4,L4-015,,,T1,laptopA,3,FILKOM EVENT,c0:c7:0a:98:38:b2,5805,161,5,20,-74.0,,4,31.4,WPA2-Personal,capable,di kursi ruang tunggu
2026-10-05T10:44:23,4,L4-015,,,T1,laptopA,3,eduroam,c0:c7:0a:98:38:b0,5805,161,5,20,-73.0,,9,31.4,WPA2/3-Enterprise,capable,di kursi ruang tunggu
2026-10-05T10:44:23,4,L4-015,,,T1,laptopA,3,eduroam,c0:c7:0a:98:34:10,5220,44,5,20,-68.0,,11,79.6,WPA2/3-Enterprise,capable,di kursi ruang tunggu
2026-10-05T10:44:23,4,L4-015,,,T1,laptopA,3,eduroam,c0:c7:0a:98:34:d0,5765,153,5,20,-68.0,,5,79.2,WPA2/3-Enterprise,capable,di kursi ruang tunggu
2026-10-05T10:44:23,4,L4-015,,,T1,laptopA,3,FILKOM EVENT,c0:c7:0a:98:34:d2,5765,153,5,20,-69.0,,1,79.2,WPA2-Personal,capable,di kursi ruang tunggu
2026-10-05T10:45:42,4,L4-012,,,T1,laptopA,1,FILKOM EVENT,c0:c7:0a:98:3a:c2,5200,40,5,20,-79.0,,2,65.1,WPA2-Personal,capable,"ruangan lagi kelas, scan dari luar"
2026-10-05T10:45:42,4,L4-012,,,T1,laptopA,1,eduroam,e8:10:98:82:05:92,2437,6,2.4,20,-79.0,,,,WPA2/3-Enterprise,no,"ruangan lagi kelas, scan dari luar"
2026-10-05T10:45:42,4,L4-012,,,T1,laptopA,1,FILKOM EVENT,e8:10:98:82:05:93,2437,6,2.4,20,-79.0,,,,WPA2-Personal,no,"ruangan lagi kelas, scan dari luar"
2026-10-05T10:45:42,4,L4-012,,,T1,laptopA,1,OPPO A54,d2:5e:df:fb:3a:27,2437,6,2.4,20,-84.0,,,,WPA2-Personal,no,"ruangan lagi kelas, scan dari luar"
2026-10-05T10:45:42,4,L4-012,,,T1,laptopA,1,WiFi-FILKOM,e8:10:98:82:05:91,2437,6,2.4,20,-80.0,,,,WPA2/3-Enterprise,no,"ruangan lagi kelas, scan dari luar"
2026-10-05T10:45:42,4,L4-012,,,T1,laptopA,1,WiFi-UB.x,c0:c7:0a:98:38:b1,5805,161,5,20,-62.0,,36,27.5,WPA2/3-Enterprise,capable,"ruangan lagi kelas, scan dari luar"
2026-10-05T10:45:42,4,L4-012,,,T1,laptopA,1,eduroam,c0:c7:0a:98:3a:c0,5200,40,5,20,-76.0,,14,65.1,WPA2/3-Enterprise,capable,"ruangan lagi kelas, scan dari luar"
2026-10-05T10:45:42,4,L4-012,,,T1,laptopA,1,Alexander,42:d3:e9:5d:f8:2e,2437,6,2.4,20,-63.0,,,,WPA2-Personal,no,"ruangan lagi kelas, scan dari luar"
2026-10-05T10:45:42,4,L4-012,,,T1,laptopA,1,iPhone (2),5a:b2:de:c6:2a:1b,2437,6,2.4,20,-79.0,,,,WPA2/WPA3-Personal,capable,"ruangan lagi kelas, scan dari luar"
2026-10-05T10:45:42,4,L4-012,,,T1,laptopA,1,eduroam,c0:c7:0a:58:34:10,2412,1,2.4,20,-81.0,,1,59.2,WPA2/3-Enterprise,capable,"ruangan lagi kelas, scan dari luar"
2026-10-05T10:45:42,4,L4-012,,,T1,laptopA,1,سمي,ae:41:02:e7:59:bf,2437,6,2.4,20,-68.0,,,,WPA2-Personal,no,"ruangan lagi kelas, scan dari luar"
2026-10-05T10:45:42,4,L4-012,,,T1,laptopA,1,Infinix NOTE 30,96:80:d3:79:ef:7e,2447,8,2.4,20,-78.0,,,,Open,no,"ruangan lagi kelas, scan dari luar"
2026-10-05T10:45:42,4,L4-012,,,T1,laptopA,1,"3x - 16 = 20, x = ?",62:20:00:37:ba:e1,2462,11,2.4,20,-74.0,,,,WPA2/WPA3-Personal,capable,"ruangan lagi kelas, scan dari luar"
2026-10-05T10:45:42,4,L4-012,,,T1,laptopA,1,WiFi-UB.x,c0:c7:0a:58:34:d2,2462,11,2.4,20,-81.0,,6,48.2,WPA2/3-Enterprise,capable,"ruangan lagi kelas, scan dari luar"
2026-10-05T10:45:42,4,L4-012,,,T1,laptopA,1,FILKOM EVENT,c0:c7:0a:58:34:d1,2462,11,2.4,20,-83.0,,0,48.2,WPA2-Personal,capable,"ruangan lagi kelas, scan dari luar"
2026-10-05T10:45:42,4,L4-012,,,T1,laptopA,1,eduroam,c0:c7:0a:58:34:d0,2462,11,2.4,20,-82.0,,2,48.2,WPA2/3-Enterprise,capable,"ruangan lagi kelas, scan dari luar"
2026-10-05T10:45:42,4,L4-012,,,T1,laptopA,1,WiFi-UB.x,c0:c7:0a:98:3a:52,5180,36,5,20,-50.0,,59,81.2,WPA2/3-Enterprise,capable,"ruangan lagi kelas, scan dari luar"
2026-10-05T10:45:42,4,L4-012,,,T1,laptopA,1,FILKOM EVENT,c0:c7:0a:98:3a:51,5180,36,5,20,-57.0,,4,76.9,WPA2-Personal,capable,"ruangan lagi kelas, scan dari luar"
2026-10-05T10:45:42,4,L4-012,,,T1,laptopA,1,FILKOM EVENT,c0:c7:0a:98:34:12,5220,44,5,20,-74.0,,2,30.6,WPA2-Personal,capable,"ruangan lagi kelas, scan dari luar"
2026-10-05T10:45:42,4,L4-012,,,T1,laptopA,1,eduroam,c0:c7:0a:98:3a:50,5180,36,5,20,-54.0,,12,76.9,WPA2/3-Enterprise,capable,"ruangan lagi kelas, scan dari luar"
2026-10-05T10:45:42,4,L4-012,,,T1,laptopA,1,FILKOM EVENT,c0:c7:0a:98:38:b2,5805,161,5,20,-79.0,,4,34.9,WPA2-Personal,capable,"ruangan lagi kelas, scan dari luar"
2026-10-05T10:45:42,4,L4-012,,,T1,laptopA,1,eduroam,c0:c7:0a:98:38:b0,5805,161,5,20,-79.0,,8,34.9,WPA2/3-Enterprise,capable,"ruangan lagi kelas, scan dari luar"
2026-10-05T10:45:42,4,L4-012,,,T1,laptopA,1,eduroam,c0:c7:0a:98:34:10,5220,44,5,20,-72.0,,13,30.6,WPA2/3-Enterprise,capable,"ruangan lagi kelas, scan dari luar"
2026-10-05T10:45:42,4,L4-012,,,T1,laptopA,1,eduroam,c0:c7:0a:98:34:d0,5765,153,5,20,-75.0,,6,48.2,WPA2/3-Enterprise,capable,"ruangan lagi kelas, scan dari luar"
2026-10-05T10:45:42,4,L4-012,,,T1,laptopA,1,FILKOM EVENT,c0:c7:0a:98:34:d2,5765,153,5,20,-76.0,,0,48.2,WPA2-Personal,capable,"ruangan lagi kelas, scan dari luar"
2026-10-05T10:45:51,4,L4-012,,,T1,laptopA,2,WiFi-UB.x,c0:c7:0a:98:3a:52,5180,36,5,20,-50.0,,59,83.9,WPA2/3-Enterprise,capable,"ruangan lagi kelas, scan dari luar"
2026-10-05T10:45:51,4,L4-012,,,T1,laptopA,2,WiFi-UB.x,00:e6:3a:50:e7:4c,5200,40,5,20,-85.0,,4,13.3,WPA2/3-Enterprise,capable,"ruangan lagi kelas, scan dari luar"
2026-10-05T10:45:51,4,L4-012,,,T1,laptopA,2,eduroam,00:e6:3a:10:e7:4c,5200,40,5,20,-85.0,,3,13.3,WPA2/3-Enterprise,capable,"ruangan lagi kelas, scan dari luar"
2026-10-05T10:45:51,4,L4-012,,,T1,laptopA,2,iPhone Aurel Aguirela,0a:51:c0:48:25:29,5745,149,5,80,-84.0,,,,WPA2/WPA3-Personal,capable,"ruangan lagi kelas, scan dari luar"
2026-10-05T10:45:51,4,L4-012,,,T1,laptopA,2,eduroam,c8:a6:08:8b:3e:00,5785,157,5,20,-85.0,,19,81.6,WPA2/3-Enterprise,capable,"ruangan lagi kelas, scan dari luar"
2026-10-05T10:45:51,4,L4-012,,,T1,laptopA,2,eduroam,c0:c7:0a:58:3a:c0,2437,6,2.4,20,-86.0,,2,65.9,WPA2/3-Enterprise,capable,"ruangan lagi kelas, scan dari luar"
2026-10-05T10:45:51,4,L4-012,,,T1,laptopA,2,FILKOM EVENT,c0:c7:0a:58:34:12,2412,1,2.4,20,-81.0,,1,78.4,WPA2-Personal,capable,"ruangan lagi kelas, scan dari luar"
2026-10-05T10:45:51,4,L4-012,,,T1,laptopA,2,WiFi-UB.x,c8:a6:08:8b:3e:01,5785,157,5,20,-85.0,,54,81.6,WPA2/3-Enterprise,capable,"ruangan lagi kelas, scan dari luar"
2026-10-05T10:45:51,4,L4-012,,,T1,laptopA,2,FILKOM EVENT,c0:c7:0a:98:3a:c2,5200,40,5,20,-79.0,,2,65.1,WPA2-Personal,capable,"ruangan lagi kelas, scan dari luar"
2026-10-05T10:45:51,4,L4-012,,,T1,laptopA,2,eduroam,e8:10:98:82:05:92,2437,6,2.4,20,-82.0,,,,WPA2/3-Enterprise,no,"ruangan lagi kelas, scan dari luar"
2026-10-05T10:45:51,4,L4-012,,,T1,laptopA,2,FILKOM EVENT,e8:10:98:82:05:93,2437,6,2.4,20,-79.0,,,,WPA2-Personal,no,"ruangan lagi kelas, scan dari luar"
2026-10-05T10:45:51,4,L4-012,,,T1,laptopA,2,WiFi-UB.x,c0:c7:0a:58:34:11,2412,1,2.4,20,-79.0,,13,78.4,WPA2/3-Enterprise,capable,"ruangan lagi kelas, scan dari luar"
2026-10-05T10:45:51,4,L4-012,,,T1,laptopA,2,OPPO A54,d2:5e:df:fb:3a:27,2437,6,2.4,20,-84.0,,,,WPA2-Personal,no,"ruangan lagi kelas, scan dari luar"
2026-10-05T10:45:51,4,L4-012,,,T1,laptopA,2,WiFi-FILKOM,e8:10:98:82:05:91,2437,6,2.4,20,-80.0,,,,WPA2/3-Enterprise,no,"ruangan lagi kelas, scan dari luar"
2026-10-05T10:45:51,4,L4-012,,,T1,laptopA,2,WiFi-UB.x,c0:c7:0a:98:38:b1,5805,161,5,20,-62.0,,36,27.5,WPA2/3-Enterprise,capable,"ruangan lagi kelas, scan dari luar"
2026-10-05T10:45:51,4,L4-012,,,T1,laptopA,2,eduroam,c0:c7:0a:98:3a:c0,5200,40,5,20,-76.0,,14,65.1,WPA2/3-Enterprise,capable,"ruangan lagi kelas, scan dari luar"
2026-10-05T10:45:51,4,L4-012,,,T1,laptopA,2,Alexander,42:d3:e9:5d:f8:2e,2437,6,2.4,20,-64.0,,,,WPA2-Personal,no,"ruangan lagi kelas, scan dari luar"
2026-10-05T10:45:51,4,L4-012,,,T1,laptopA,2,iPhone (2),5a:b2:de:c6:2a:1b,2437,6,2.4,20,-79.0,,,,WPA2/WPA3-Personal,capable,"ruangan lagi kelas, scan dari luar"
2026-10-05T10:45:51,4,L4-012,,,T1,laptopA,2,eduroam,c0:c7:0a:58:34:10,2412,1,2.4,20,-79.0,,0,78.4,WPA2/3-Enterprise,capable,"ruangan lagi kelas, scan dari luar"
2026-10-05T10:45:51,4,L4-012,,,T1,laptopA,2,سمي,ae:41:02:e7:59:bf,2437,6,2.4,20,-63.0,,,,WPA2-Personal,no,"ruangan lagi kelas, scan dari luar"
2026-10-05T10:45:51,4,L4-012,,,T1,laptopA,2,Infinix NOTE 30,96:80:d3:79:ef:7e,2447,8,2.4,20,-77.0,,,,Open,no,"ruangan lagi kelas, scan dari luar"
2026-10-05T10:45:51,4,L4-012,,,T1,laptopA,2,"3x - 16 = 20, x = ?",62:20:00:37:ba:e1,2462,11,2.4,20,-67.0,,,,WPA2/WPA3-Personal,capable,"ruangan lagi kelas, scan dari luar"
2026-10-05T10:45:51,4,L4-012,,,T1,laptopA,2,WiFi-UB.x,c0:c7:0a:58:34:d2,2462,11,2.4,20,-87.0,,6,56.5,WPA2/3-Enterprise,capable,"ruangan lagi kelas, scan dari luar"
2026-10-05T10:45:51,4,L4-012,,,T1,laptopA,2,FILKOM EVENT,c0:c7:0a:58:34:d1,2462,11,2.4,20,-83.0,,0,48.2,WPA2-Personal,capable,"ruangan lagi kelas, scan dari luar"
2026-10-05T10:45:51,4,L4-012,,,T1,laptopA,2,eduroam,c0:c7:0a:58:34:d0,2462,11,2.4,20,-82.0,,2,48.2,WPA2/3-Enterprise,capable,"ruangan lagi kelas, scan dari luar"
2026-10-05T10:45:51,4,L4-012,,,T1,laptopA,2,FILKOM EVENT,c0:c7:0a:98:3a:51,5180,36,5,20,-57.0,,4,76.9,WPA2-Personal,capable,"ruangan lagi kelas, scan dari luar"
2026-10-05T10:45:51,4,L4-012,,,T1,laptopA,2,FILKOM EVENT,c0:c7:0a:98:34:12,5220,44,5,20,-71.0,,3,34.1,WPA2-Personal,capable,"ruangan lagi kelas, scan dari luar"
2026-10-05T10:45:51,4,L4-012,,,T1,laptopA,2,eduroam,c0:c7:0a:98:3a:50,5180,36,5,20,-54.0,,12,76.9,WPA2/3-Enterprise,capable,"ruangan lagi kelas, scan dari luar"
2026-10-05T10:45:51,4,L4-012,,,T1,laptopA,2,FILKOM EVENT,c0:c7:0a:98:38:b2,5805,161,5,20,-77.0,,4,32.2,WPA2-Personal,capable,"ruangan lagi kelas, scan dari luar"
2026-10-05T10:45:51,4,L4-012,,,T1,laptopA,2,eduroam,c0:c7:0a:98:38:b0,5805,161,5,20,-77.0,,8,32.2,WPA2/3-Enterprise,capable,"ruangan lagi kelas, scan dari luar"
2026-10-05T10:45:51,4,L4-012,,,T1,laptopA,2,eduroam,c0:c7:0a:98:34:10,5220,44,5,20,-70.0,,12,34.1,WPA2/3-Enterprise,capable,"ruangan lagi kelas, scan dari luar"
2026-10-05T10:45:51,4,L4-012,,,T1,laptopA,2,eduroam,c0:c7:0a:98:34:d0,5765,153,5,20,-75.0,,6,48.2,WPA2/3-Enterprise,capable,"ruangan lagi kelas, scan dari luar"
2026-10-05T10:45:51,4,L4-012,,,T1,laptopA,2,FILKOM EVENT,c0:c7:0a:98:34:d2,5765,153,5,20,-76.0,,0,48.2,WPA2-Personal,capable,"ruangan lagi kelas, scan dari luar"
2026-10-05T10:46:00,4,L4-012,,,T1,laptopA,3,WiFi-UB.x,c0:c7:0a:98:34:11,5220,44,5,20,-66.0,,44,20.4,WPA2/3-Enterprise,capable,"ruangan lagi kelas, scan dari luar"
2026-10-05T10:46:00,4,L4-012,,,T1,laptopA,3,WiFi-UB.x,00:e6:3a:50:e7:4c,5200,40,5,20,-85.0,,4,13.3,WPA2/3-Enterprise,capable,"ruangan lagi kelas, scan dari luar"
2026-10-05T10:46:00,4,L4-012,,,T1,laptopA,3,eduroam,00:e6:3a:10:e7:4c,5200,40,5,20,-85.0,,3,13.3,WPA2/3-Enterprise,capable,"ruangan lagi kelas, scan dari luar"
2026-10-05T10:46:00,4,L4-012,,,T1,laptopA,3,iPhone Aurel Aguirela,0a:51:c0:48:25:29,5745,149,5,80,-84.0,,,,WPA2/WPA3-Personal,capable,"ruangan lagi kelas, scan dari luar"
2026-10-05T10:46:00,4,L4-012,,,T1,laptopA,3,eduroam,c8:a6:08:8b:3e:00,5785,157,5,20,-85.0,,19,81.6,WPA2/3-Enterprise,capable,"ruangan lagi kelas, scan dari luar"
2026-10-05T10:46:00,4,L4-012,,,T1,laptopA,3,eduroam,c0:c7:0a:58:3a:c0,2437,6,2.4,20,-86.0,,1,26.7,WPA2/3-Enterprise,capable,"ruangan lagi kelas, scan dari luar"
2026-10-05T10:46:00,4,L4-012,,,T1,laptopA,3,FILKOM EVENT,c0:c7:0a:58:34:12,2412,1,2.4,20,-81.0,,1,78.4,WPA2-Personal,capable,"ruangan lagi kelas, scan dari luar"
2026-10-05T10:46:00,4,L4-012,,,T1,laptopA,3,WiFi-UB.x,c8:a6:08:8b:3e:01,5785,157,5,20,-85.0,,54,81.6,WPA2/3-Enterprise,capable,"ruangan lagi kelas, scan dari luar"
2026-10-05T10:46:00,4,L4-012,,,T1,laptopA,3,FILKOM EVENT,c0:c7:0a:98:3a:c2,5200,40,5,20,-79.0,,2,65.1,WPA2-Personal,capable,"ruangan lagi kelas, scan dari luar"
2026-10-05T10:46:00,4,L4-012,,,T1,laptopA,3,eduroam,e8:10:98:82:05:92,2437,6,2.4,20,-82.0,,,,WPA2/3-Enterprise,no,"ruangan lagi kelas, scan dari luar"
2026-10-05T10:46:00,4,L4-012,,,T1,laptopA,3,FILKOM EVENT,e8:10:98:82:05:93,2437,6,2.4,20,-79.0,,,,WPA2-Personal,no,"ruangan lagi kelas, scan dari luar"
2026-10-05T10:46:00,4,L4-012,,,T1,laptopA,3,WiFi-UB.x,c0:c7:0a:58:34:11,2412,1,2.4,20,-79.0,,13,78.4,WPA2/3-Enterprise,capable,"ruangan lagi kelas, scan dari luar"
2026-10-05T10:46:00,4,L4-012,,,T1,laptopA,3,OPPO A54,d2:5e:df:fb:3a:27,2437,6,2.4,20,-84.0,,,,WPA2-Personal,no,"ruangan lagi kelas, scan dari luar"
2026-10-05T10:46:00,4,L4-012,,,T1,laptopA,3,WiFi-FILKOM,e8:10:98:82:05:91,2437,6,2.4,20,-80.0,,,,WPA2/3-Enterprise,no,"ruangan lagi kelas, scan dari luar"
2026-10-05T10:46:00,4,L4-012,,,T1,laptopA,3,WiFi-UB.x,c0:c7:0a:98:38:b1,5805,161,5,20,-76.0,,35,53.3,WPA2/3-Enterprise,capable,"ruangan lagi kelas, scan dari luar"
2026-10-05T10:46:00,4,L4-012,,,T1,laptopA,3,eduroam,c0:c7:0a:98:3a:c0,5200,40,5,20,-76.0,,14,65.1,WPA2/3-Enterprise,capable,"ruangan lagi kelas, scan dari luar"
2026-10-05T10:46:00,4,L4-012,,,T1,laptopA,3,Alexander,42:d3:e9:5d:f8:2e,2437,6,2.4,20,-64.0,,,,WPA2-Personal,no,"ruangan lagi kelas, scan dari luar"
2026-10-05T10:46:00,4,L4-012,,,T1,laptopA,3,iPhone (2),5a:b2:de:c6:2a:1b,2437,6,2.4,20,-79.0,,,,WPA2/WPA3-Personal,capable,"ruangan lagi kelas, scan dari luar"
2026-10-05T10:46:00,4,L4-012,,,T1,laptopA,3,eduroam,c0:c7:0a:58:34:10,2412,1,2.4,20,-79.0,,0,78.4,WPA2/3-Enterprise,capable,"ruangan lagi kelas, scan dari luar"
2026-10-05T10:46:00,4,L4-012,,,T1,laptopA,3,سمي,ae:41:02:e7:59:bf,2437,6,2.4,20,-78.0,,,,WPA2-Personal,no,"ruangan lagi kelas, scan dari luar"
2026-10-05T10:46:00,4,L4-012,,,T1,laptopA,3,Infinix NOTE 30,96:80:d3:79:ef:7e,2447,8,2.4,20,-75.0,,,,Open,no,"ruangan lagi kelas, scan dari luar"
2026-10-05T10:46:00,4,L4-012,,,T1,laptopA,3,"3x - 16 = 20, x = ?",62:20:00:37:ba:e1,2462,11,2.4,20,-62.0,,,,WPA2/WPA3-Personal,capable,"ruangan lagi kelas, scan dari luar"
2026-10-05T10:46:00,4,L4-012,,,T1,laptopA,3,WiFi-UB.x,c0:c7:0a:58:34:d2,2462,11,2.4,20,-87.0,,6,56.5,WPA2/3-Enterprise,capable,"ruangan lagi kelas, scan dari luar"
2026-10-05T10:46:00,4,L4-012,,,T1,laptopA,3,FILKOM EVENT,c0:c7:0a:58:34:d1,2462,11,2.4,20,-83.0,,0,48.2,WPA2-Personal,capable,"ruangan lagi kelas, scan dari luar"
2026-10-05T10:46:00,4,L4-012,,,T1,laptopA,3,eduroam,c0:c7:0a:58:34:d0,2462,11,2.4,20,-85.0,,2,54.1,WPA2/3-Enterprise,capable,"ruangan lagi kelas, scan dari luar"
2026-10-05T10:46:00,4,L4-012,,,T1,laptopA,3,WiFi-UB.x,c0:c7:0a:98:3a:52,5180,36,5,20,-50.0,,60,73.7,WPA2/3-Enterprise,capable,"ruangan lagi kelas, scan dari luar"
2026-10-05T10:46:00,4,L4-012,,,T1,laptopA,3,FILKOM EVENT,c0:c7:0a:98:3a:51,5180,36,5,20,-59.0,,4,73.7,WPA2-Personal,capable,"ruangan lagi kelas, scan dari luar"
2026-10-05T10:46:00,4,L4-012,,,T1,laptopA,3,FILKOM EVENT,c0:c7:0a:98:34:12,5220,44,5,20,-67.0,,3,20.4,WPA2-Personal,capable,"ruangan lagi kelas, scan dari luar"
2026-10-05T10:46:00,4,L4-012,,,T1,laptopA,3,eduroam,c0:c7:0a:98:3a:50,5180,36,5,20,-56.0,,13,73.7,WPA2/3-Enterprise,capable,"ruangan lagi kelas, scan dari luar"
2026-10-05T10:46:00,4,L4-012,,,T1,laptopA,3,FILKOM EVENT,c0:c7:0a:98:38:b2,5805,161,5,20,-77.0,,4,53.3,WPA2-Personal,capable,"ruangan lagi kelas, scan dari luar"
2026-10-05T10:46:00,4,L4-012,,,T1,laptopA,3,eduroam,c0:c7:0a:98:38:b0,5805,161,5,20,-76.0,,8,53.3,WPA2/3-Enterprise,capable,"ruangan lagi kelas, scan dari luar"
2026-10-05T10:46:00,4,L4-012,,,T1,laptopA,3,eduroam,c0:c7:0a:98:34:10,5220,44,5,20,-66.0,,12,20.4,WPA2/3-Enterprise,capable,"ruangan lagi kelas, scan dari luar"
2026-10-05T10:46:00,4,L4-012,,,T1,laptopA,3,eduroam,c0:c7:0a:98:34:d0,5765,153,5,20,-77.0,,7,61.6,WPA2/3-Enterprise,capable,"ruangan lagi kelas, scan dari luar"
2026-10-05T10:46:00,4,L4-012,,,T1,laptopA,3,FILKOM EVENT,c0:c7:0a:98:34:d2,5765,153,5,20,-76.0,,0,48.2,WPA2-Personal,capable,"ruangan lagi kelas, scan dari luar"
2026-10-05T10:47:10,4,L4-011,,,T1,laptopA,1,DIRECT-NKTOBTOBmsL8,4e:50:dd:3d:4b:8a,5220,44,5,20,-78.0,,,,WPA2-Personal,no,di kursi ruang tunggu
2026-10-05T10:47:10,4,L4-011,,,T1,laptopA,1,FILKOM EVENT,28:b3:71:ab:d3:92,5240,48,5,20,-83.0,,4,72.2,WPA2-Personal,capable,di kursi ruang tunggu
2026-10-05T10:47:10,4,L4-011,,,T1,laptopA,1,eduroam,28:b3:71:ab:d3:90,5240,48,5,20,-82.0,,14,72.2,WPA2/3-Enterprise,capable,di kursi ruang tunggu
2026-10-05T10:47:10,4,L4-011,,,T1,laptopA,1,ore wa money d luffy,fe:ec:6d:2f:d8:2a,5745,149,5,20,-89.0,,,,WPA2-Personal,no,di kursi ruang tunggu
2026-10-05T10:47:10,4,L4-011,,,T1,laptopA,1,WiFi-UB.x,c0:c7:0a:98:34:11,5220,44,5,20,-73.0,,40,30.2,WPA2/3-Enterprise,capable,di kursi ruang tunggu
2026-10-05T10:47:10,4,L4-011,,,T1,laptopA,1,FILKOM EVENT,c8:a6:08:8b:3e:02,5785,157,5,20,-85.0,,4,78.0,WPA2-Personal,capable,di kursi ruang tunggu
2026-10-05T10:47:10,4,L4-011,,,T1,laptopA,1,WiFi-UB.x,28:b3:71:ab:d3:91,5240,48,5,20,-82.0,,24,72.2,WPA2/3-Enterprise,capable,di kursi ruang tunggu
2026-10-05T10:47:10,4,L4-011,,,T1,laptopA,1,WiFi-UB.x,00:e6:3a:50:e7:4c,5200,40,5,20,-85.0,,4,13.3,WPA2/3-Enterprise,capable,di kursi ruang tunggu
2026-10-05T10:47:10,4,L4-011,,,T1,laptopA,1,eduroam,00:e6:3a:10:e7:4c,5200,40,5,20,-85.0,,3,13.3,WPA2/3-Enterprise,capable,di kursi ruang tunggu
2026-10-05T10:47:10,4,L4-011,,,T1,laptopA,1,iPhone Aurel Aguirela,0a:51:c0:48:25:29,5745,149,5,80,-84.0,,,,WPA2/WPA3-Personal,capable,di kursi ruang tunggu
2026-10-05T10:47:10,4,L4-011,,,T1,laptopA,1,eduroam,c8:a6:08:8b:3e:00,5785,157,5,20,-82.0,,19,78.0,WPA2/3-Enterprise,capable,di kursi ruang tunggu
2026-10-05T10:47:10,4,L4-011,,,T1,laptopA,1,eduroam,c0:c7:0a:58:3a:c0,2437,6,2.4,20,-86.0,,1,26.7,WPA2/3-Enterprise,capable,di kursi ruang tunggu
2026-10-05T10:47:10,4,L4-011,,,T1,laptopA,1,FILKOM EVENT,c0:c7:0a:58:34:12,2412,1,2.4,20,-81.0,,1,78.4,WPA2-Personal,capable,di kursi ruang tunggu
2026-10-05T10:47:10,4,L4-011,,,T1,laptopA,1,WiFi-UB.x,c8:a6:08:8b:3e:01,5785,157,5,20,-82.0,,55,78.0,WPA2/3-Enterprise,capable,di kursi ruang tunggu
2026-10-05T10:47:10,4,L4-011,,,T1,laptopA,1,FILKOM EVENT,c0:c7:0a:98:3a:c2,5200,40,5,20,-79.0,,2,65.5,WPA2-Personal,capable,di kursi ruang tunggu
2026-10-05T10:47:10,4,L4-011,,,T1,laptopA,1,eduroam,e8:10:98:82:05:92,2437,6,2.4,20,-82.0,,,,WPA2/3-Enterprise,no,di kursi ruang tunggu
2026-10-05T10:47:10,4,L4-011,,,T1,laptopA,1,FILKOM EVENT,e8:10:98:82:05:93,2437,6,2.4,20,-79.0,,,,WPA2-Personal,no,di kursi ruang tunggu
2026-10-05T10:47:10,4,L4-011,,,T1,laptopA,1,WiFi-UB.x,c0:c7:0a:58:34:11,2412,1,2.4,20,-79.0,,13,78.4,WPA2/3-Enterprise,capable,di kursi ruang tunggu
2026-10-05T10:47:10,4,L4-011,,,T1,laptopA,1,WiFi-FILKOM,e8:10:98:82:05:91,2437,6,2.4,20,-80.0,,,,WPA2/3-Enterprise,no,di kursi ruang tunggu
2026-10-05T10:47:10,4,L4-011,,,T1,laptopA,1,WiFi-UB.x,c0:c7:0a:98:38:b1,5805,161,5,20,-76.0,,35,53.3,WPA2/3-Enterprise,capable,di kursi ruang tunggu
2026-10-05T10:47:10,4,L4-011,,,T1,laptopA,1,eduroam,c0:c7:0a:98:3a:c0,5200,40,5,20,-76.0,,14,65.1,WPA2/3-Enterprise,capable,di kursi ruang tunggu
2026-10-05T10:47:10,4,L4-011,,,T1,laptopA,1,Alexander,42:d3:e9:5d:f8:2e,2437,6,2.4,20,-64.0,,,,WPA2-Personal,no,di kursi ruang tunggu
2026-10-05T10:47:10,4,L4-011,,,T1,laptopA,1,iPhone (2),5a:b2:de:c6:2a:1b,2437,6,2.4,20,-79.0,,,,WPA2/WPA3-Personal,capable,di kursi ruang tunggu
2026-10-05T10:47:10,4,L4-011,,,T1,laptopA,1,eduroam,c0:c7:0a:58:34:10,2412,1,2.4,20,-86.0,,0,52.5,WPA2/3-Enterprise,capable,di kursi ruang tunggu
2026-10-05T10:47:10,4,L4-011,,,T1,laptopA,1,سمي,ae:41:02:e7:59:bf,2437,6,2.4,20,-78.0,,,,WPA2-Personal,no,di kursi ruang tunggu
2026-10-05T10:47:10,4,L4-011,,,T1,laptopA,1,Infinix NOTE 30,96:80:d3:79:ef:7e,2447,8,2.4,20,-75.0,,,,Open,no,di kursi ruang tunggu
2026-10-05T10:47:10,4,L4-011,,,T1,laptopA,1,"3x - 16 = 20, x = ?",62:20:00:37:ba:e1,2462,11,2.4,20,-73.0,,,,WPA2/WPA3-Personal,capable,di kursi ruang tunggu
2026-10-05T10:47:10,4,L4-011,,,T1,laptopA,1,WiFi-UB.x,c0:c7:0a:58:34:d2,2462,11,2.4,20,-87.0,,6,56.5,WPA2/3-Enterprise,capable,di kursi ruang tunggu
2026-10-05T10:47:10,4,L4-011,,,T1,laptopA,1,eduroam,c0:c7:0a:58:34:d0,2462,11,2.4,20,-85.0,,2,54.1,WPA2/3-Enterprise,capable,di kursi ruang tunggu
2026-10-05T10:47:10,4,L4-011,,,T1,laptopA,1,WiFi-UB.x,c0:c7:0a:98:3a:52,5180,36,5,20,-55.0,,62,75.7,WPA2/3-Enterprise,capable,di kursi ruang tunggu
2026-10-05T10:47:10,4,L4-011,,,T1,laptopA,1,FILKOM EVENT,c0:c7:0a:98:3a:51,5180,36,5,20,-59.0,,4,73.7,WPA2-Personal,capable,di kursi ruang tunggu
2026-10-05T10:47:10,4,L4-011,,,T1,laptopA,1,FILKOM EVENT,c0:c7:0a:98:34:12,5220,44,5,20,-74.0,,3,30.2,WPA2-Personal,capable,di kursi ruang tunggu
2026-10-05T10:47:10,4,L4-011,,,T1,laptopA,1,eduroam,c0:c7:0a:98:3a:50,5180,36,5,20,-56.0,,13,73.7,WPA2/3-Enterprise,capable,di kursi ruang tunggu
2026-10-05T10:47:10,4,L4-011,,,T1,laptopA,1,FILKOM EVENT,c0:c7:0a:98:38:b2,5805,161,5,20,-84.0,,5,14.1,WPA2-Personal,capable,di kursi ruang tunggu
2026-10-05T10:47:10,4,L4-011,,,T1,laptopA,1,eduroam,c0:c7:0a:98:38:b0,5805,161,5,20,-83.0,,7,14.1,WPA2/3-Enterprise,capable,di kursi ruang tunggu
2026-10-05T10:47:10,4,L4-011,,,T1,laptopA,1,eduroam,c0:c7:0a:98:34:10,5220,44,5,20,-73.0,,13,30.2,WPA2/3-Enterprise,capable,di kursi ruang tunggu
2026-10-05T10:47:10,4,L4-011,,,T1,laptopA,1,eduroam,c0:c7:0a:98:34:d0,5765,153,5,20,-78.0,,6,37.6,WPA2/3-Enterprise,capable,di kursi ruang tunggu
2026-10-05T10:47:10,4,L4-011,,,T1,laptopA,1,FILKOM EVENT,c0:c7:0a:98:34:d2,5765,153,5,20,-78.0,,1,37.6,WPA2-Personal,capable,di kursi ruang tunggu
2026-10-05T10:47:19,4,L4-011,,,T1,laptopA,2,DIRECT-NKTOBTOBmsL8,4e:50:dd:3d:4b:8a,5220,44,5,20,-78.0,,,,WPA2-Personal,no,di kursi ruang tunggu
2026-10-05T10:47:19,4,L4-011,,,T1,laptopA,2,FILKOM EVENT,28:b3:71:ab:d3:92,5240,48,5,20,-83.0,,4,72.2,WPA2-Personal,capable,di kursi ruang tunggu
2026-10-05T10:47:19,4,L4-011,,,T1,laptopA,2,eduroam,28:b3:71:ab:d3:90,5240,48,5,20,-87.0,,13,54.5,WPA2/3-Enterprise,capable,di kursi ruang tunggu
2026-10-05T10:47:19,4,L4-011,,,T1,laptopA,2,ore wa money d luffy,fe:ec:6d:2f:d8:2a,5745,149,5,20,-89.0,,,,WPA2-Personal,no,di kursi ruang tunggu
2026-10-05T10:47:19,4,L4-011,,,T1,laptopA,2,WiFi-UB.x,c0:c7:0a:98:34:11,5220,44,5,20,-73.0,,40,30.2,WPA2/3-Enterprise,capable,di kursi ruang tunggu
2026-10-05T10:47:19,4,L4-011,,,T1,laptopA,2,FILKOM EVENT,c8:a6:08:8b:3e:02,5785,157,5,20,-85.0,,4,78.0,WPA2-Personal,capable,di kursi ruang tunggu
2026-10-05T10:47:19,4,L4-011,,,T1,laptopA,2,WiFi-UB.x,28:b3:71:ab:d3:91,5240,48,5,20,-82.0,,24,72.2,WPA2/3-Enterprise,capable,di kursi ruang tunggu
2026-10-05T10:47:19,4,L4-011,,,T1,laptopA,2,WiFi-UB.x,00:e6:3a:50:e7:4c,5200,40,5,20,-85.0,,4,13.3,WPA2/3-Enterprise,capable,di kursi ruang tunggu
2026-10-05T10:47:19,4,L4-011,,,T1,laptopA,2,eduroam,00:e6:3a:10:e7:4c,5200,40,5,20,-85.0,,3,13.3,WPA2/3-Enterprise,capable,di kursi ruang tunggu
2026-10-05T10:47:19,4,L4-011,,,T1,laptopA,2,iPhone Aurel Aguirela,0a:51:c0:48:25:29,5745,149,5,80,-90.0,,,,WPA2/WPA3-Personal,capable,di kursi ruang tunggu
2026-10-05T10:47:19,4,L4-011,,,T1,laptopA,2,eduroam,c8:a6:08:8b:3e:00,5785,157,5,20,-82.0,,19,78.0,WPA2/3-Enterprise,capable,di kursi ruang tunggu
2026-10-05T10:47:19,4,L4-011,,,T1,laptopA,2,eduroam,c0:c7:0a:58:3a:c0,2437,6,2.4,20,-86.0,,1,26.7,WPA2/3-Enterprise,capable,di kursi ruang tunggu
2026-10-05T10:47:19,4,L4-011,,,T1,laptopA,2,FILKOM EVENT,c0:c7:0a:58:34:12,2412,1,2.4,20,-81.0,,1,78.4,WPA2-Personal,capable,di kursi ruang tunggu
2026-10-05T10:47:19,4,L4-011,,,T1,laptopA,2,WiFi-UB.x,c8:a6:08:8b:3e:01,5785,157,5,20,-82.0,,55,78.0,WPA2/3-Enterprise,capable,di kursi ruang tunggu
2026-10-05T10:47:19,4,L4-011,,,T1,laptopA,2,FILKOM EVENT,c0:c7:0a:98:3a:c2,5200,40,5,20,-79.0,,2,65.5,WPA2-Personal,capable,di kursi ruang tunggu
2026-10-05T10:47:19,4,L4-011,,,T1,laptopA,2,eduroam,e8:10:98:82:05:92,2437,6,2.4,20,-82.0,,,,WPA2/3-Enterprise,no,di kursi ruang tunggu
2026-10-05T10:47:19,4,L4-011,,,T1,laptopA,2,FILKOM EVENT,e8:10:98:82:05:93,2437,6,2.4,20,-79.0,,,,WPA2-Personal,no,di kursi ruang tunggu
2026-10-05T10:47:19,4,L4-011,,,T1,laptopA,2,WiFi-UB.x,c0:c7:0a:58:34:11,2412,1,2.4,20,-79.0,,13,78.4,WPA2/3-Enterprise,capable,di kursi ruang tunggu
2026-10-05T10:47:19,4,L4-011,,,T1,laptopA,2,WiFi-FILKOM,e8:10:98:82:05:91,2437,6,2.4,20,-80.0,,,,WPA2/3-Enterprise,no,di kursi ruang tunggu
2026-10-05T10:47:19,4,L4-011,,,T1,laptopA,2,WiFi-UB.x,c0:c7:0a:98:38:b1,5805,161,5,20,-76.0,,35,53.3,WPA2/3-Enterprise,capable,di kursi ruang tunggu
2026-10-05T10:47:19,4,L4-011,,,T1,laptopA,2,eduroam,c0:c7:0a:98:3a:c0,5200,40,5,20,-76.0,,14,65.1,WPA2/3-Enterprise,capable,di kursi ruang tunggu
2026-10-05T10:47:19,4,L4-011,,,T1,laptopA,2,Alexander,42:d3:e9:5d:f8:2e,2437,6,2.4,20,-70.0,,,,WPA2-Personal,no,di kursi ruang tunggu
2026-10-05T10:47:19,4,L4-011,,,T1,laptopA,2,iPhone (2),5a:b2:de:c6:2a:1b,2437,6,2.4,20,-79.0,,,,WPA2/WPA3-Personal,capable,di kursi ruang tunggu
2026-10-05T10:47:19,4,L4-011,,,T1,laptopA,2,eduroam,c0:c7:0a:58:34:10,2412,1,2.4,20,-86.0,,0,52.5,WPA2/3-Enterprise,capable,di kursi ruang tunggu
2026-10-05T10:47:19,4,L4-011,,,T1,laptopA,2,سمي,ae:41:02:e7:59:bf,2437,6,2.4,20,-78.0,,,,WPA2-Personal,no,di kursi ruang tunggu
2026-10-05T10:47:19,4,L4-011,,,T1,laptopA,2,Infinix NOTE 30,96:80:d3:79:ef:7e,2447,8,2.4,20,-75.0,,,,Open,no,di kursi ruang tunggu
2026-10-05T10:47:19,4,L4-011,,,T1,laptopA,2,"3x - 16 = 20, x = ?",62:20:00:37:ba:e1,2462,11,2.4,20,-73.0,,,,WPA2/WPA3-Personal,capable,di kursi ruang tunggu
2026-10-05T10:47:19,4,L4-011,,,T1,laptopA,2,WiFi-UB.x,c0:c7:0a:58:34:d2,2462,11,2.4,20,-87.0,,6,56.5,WPA2/3-Enterprise,capable,di kursi ruang tunggu
2026-10-05T10:47:19,4,L4-011,,,T1,laptopA,2,eduroam,c0:c7:0a:58:34:d0,2462,11,2.4,20,-85.0,,2,54.1,WPA2/3-Enterprise,capable,di kursi ruang tunggu
2026-10-05T10:47:19,4,L4-011,,,T1,laptopA,2,WiFi-UB.x,c0:c7:0a:98:3a:52,5180,36,5,20,-53.0,,62,75.7,WPA2/3-Enterprise,capable,di kursi ruang tunggu
2026-10-05T10:47:19,4,L4-011,,,T1,laptopA,2,FILKOM EVENT,c0:c7:0a:98:3a:51,5180,36,5,20,-57.0,,4,74.9,WPA2-Personal,capable,di kursi ruang tunggu
2026-10-05T10:47:19,4,L4-011,,,T1,laptopA,2,FILKOM EVENT,c0:c7:0a:98:34:12,5220,44,5,20,-74.0,,3,30.2,WPA2-Personal,capable,di kursi ruang tunggu
2026-10-05T10:47:19,4,L4-011,,,T1,laptopA,2,eduroam,c0:c7:0a:98:3a:50,5180,36,5,20,-54.0,,13,74.9,WPA2/3-Enterprise,capable,di kursi ruang tunggu
2026-10-05T10:47:19,4,L4-011,,,T1,laptopA,2,FILKOM EVENT,c0:c7:0a:98:38:b2,5805,161,5,20,-79.0,,5,19.2,WPA2-Personal,capable,di kursi ruang tunggu
2026-10-05T10:47:19,4,L4-011,,,T1,laptopA,2,eduroam,c0:c7:0a:98:38:b0,5805,161,5,20,-79.0,,7,19.2,WPA2/3-Enterprise,capable,di kursi ruang tunggu
2026-10-05T10:47:19,4,L4-011,,,T1,laptopA,2,eduroam,c0:c7:0a:98:34:10,5220,44,5,20,-73.0,,13,30.2,WPA2/3-Enterprise,capable,di kursi ruang tunggu
2026-10-05T10:47:19,4,L4-011,,,T1,laptopA,2,eduroam,c0:c7:0a:98:34:d0,5765,153,5,20,-72.0,,7,42.7,WPA2/3-Enterprise,capable,di kursi ruang tunggu
2026-10-05T10:47:19,4,L4-011,,,T1,laptopA,2,FILKOM EVENT,c0:c7:0a:98:34:d2,5765,153,5,20,-72.0,,0,42.7,WPA2-Personal,capable,di kursi ruang tunggu
2026-10-05T10:47:28,4,L4-011,,,T1,laptopA,3,DIRECT-NKTOBTOBmsL8,4e:50:dd:3d:4b:8a,5220,44,5,20,-46.0,,,,WPA2-Personal,no,di kursi ruang tunggu
2026-10-05T10:47:28,4,L4-011,,,T1,laptopA,3,FILKOM EVENT,28:b3:71:ab:d3:92,5240,48,5,20,-80.0,,4,56.5,WPA2-Personal,capable,di kursi ruang tunggu
2026-10-05T10:47:28,4,L4-011,,,T1,laptopA,3,eduroam,28:b3:71:ab:d3:90,5240,48,5,20,-80.0,,13,56.5,WPA2/3-Enterprise,capable,di kursi ruang tunggu
2026-10-05T10:47:28,4,L4-011,,,T1,laptopA,3,ore wa money d luffy,fe:ec:6d:2f:d8:2a,5745,149,5,20,-89.0,,,,WPA2-Personal,no,di kursi ruang tunggu
2026-10-05T10:47:28,4,L4-011,,,T1,laptopA,3,WiFi-UB.x,c0:c7:0a:98:34:11,5220,44,5,20,-73.0,,40,30.2,WPA2/3-Enterprise,capable,di kursi ruang tunggu
2026-10-05T10:47:28,4,L4-011,,,T1,laptopA,3,FILKOM EVENT,c8:a6:08:8b:3e:02,5785,157,5,20,-85.0,,4,78.0,WPA2-Personal,capable,di kursi ruang tunggu
2026-10-05T10:47:28,4,L4-011,,,T1,laptopA,3,WiFi-UB.x,28:b3:71:ab:d3:91,5240,48,5,20,-79.0,,21,56.5,WPA2/3-Enterprise,capable,di kursi ruang tunggu
2026-10-05T10:47:28,4,L4-011,,,T1,laptopA,3,WiFi-UB.x,00:e6:3a:50:e7:4c,5200,40,5,20,-85.0,,4,13.3,WPA2/3-Enterprise,capable,di kursi ruang tunggu
2026-10-05T10:47:28,4,L4-011,,,T1,laptopA,3,eduroam,00:e6:3a:10:e7:4c,5200,40,5,20,-85.0,,3,13.3,WPA2/3-Enterprise,capable,di kursi ruang tunggu
2026-10-05T10:47:28,4,L4-011,,,T1,laptopA,3,iPhone Aurel Aguirela,0a:51:c0:48:25:29,5745,149,5,80,-90.0,,,,WPA2/WPA3-Personal,capable,di kursi ruang tunggu
2026-10-05T10:47:28,4,L4-011,,,T1,laptopA,3,eduroam,c8:a6:08:8b:3e:00,5785,157,5,20,-82.0,,19,78.0,WPA2/3-Enterprise,capable,di kursi ruang tunggu
2026-10-05T10:47:28,4,L4-011,,,T1,laptopA,3,eduroam,c0:c7:0a:58:3a:c0,2437,6,2.4,20,-86.0,,1,26.7,WPA2/3-Enterprise,capable,di kursi ruang tunggu
2026-10-05T10:47:28,4,L4-011,,,T1,laptopA,3,FILKOM EVENT,c0:c7:0a:58:34:12,2412,1,2.4,20,-81.0,,0,73.7,WPA2-Personal,capable,di kursi ruang tunggu
2026-10-05T10:47:28,4,L4-011,,,T1,laptopA,3,WiFi-UB.x,c8:a6:08:8b:3e:01,5785,157,5,20,-82.0,,55,78.0,WPA2/3-Enterprise,capable,di kursi ruang tunggu
2026-10-05T10:47:28,4,L4-011,,,T1,laptopA,3,FILKOM EVENT,c0:c7:0a:98:3a:c2,5200,40,5,20,-79.0,,2,65.5,WPA2-Personal,capable,di kursi ruang tunggu
2026-10-05T10:47:28,4,L4-011,,,T1,laptopA,3,eduroam,e8:10:98:82:05:92,2437,6,2.4,20,-82.0,,,,WPA2/3-Enterprise,no,di kursi ruang tunggu
2026-10-05T10:47:28,4,L4-011,,,T1,laptopA,3,FILKOM EVENT,e8:10:98:82:05:93,2437,6,2.4,20,-79.0,,,,WPA2-Personal,no,di kursi ruang tunggu
2026-10-05T10:47:28,4,L4-011,,,T1,laptopA,3,WiFi-UB.x,c0:c7:0a:58:34:11,2412,1,2.4,20,-79.0,,13,78.4,WPA2/3-Enterprise,capable,di kursi ruang tunggu
2026-10-05T10:47:28,4,L4-011,,,T1,laptopA,3,WiFi-FILKOM,e8:10:98:82:05:91,2437,6,2.4,20,-80.0,,,,WPA2/3-Enterprise,no,di kursi ruang tunggu
2026-10-05T10:47:28,4,L4-011,,,T1,laptopA,3,WiFi-UB.x,c0:c7:0a:98:38:b1,5805,161,5,20,-76.0,,35,53.3,WPA2/3-Enterprise,capable,di kursi ruang tunggu
2026-10-05T10:47:28,4,L4-011,,,T1,laptopA,3,eduroam,c0:c7:0a:98:3a:c0,5200,40,5,20,-76.0,,14,65.1,WPA2/3-Enterprise,capable,di kursi ruang tunggu
2026-10-05T10:47:28,4,L4-011,,,T1,laptopA,3,Alexander,42:d3:e9:5d:f8:2e,2437,6,2.4,20,-73.0,,,,WPA2-Personal,no,di kursi ruang tunggu
2026-10-05T10:47:28,4,L4-011,,,T1,laptopA,3,iPhone (2),5a:b2:de:c6:2a:1b,2437,6,2.4,20,-81.0,,,,WPA2/WPA3-Personal,capable,di kursi ruang tunggu
2026-10-05T10:47:28,4,L4-011,,,T1,laptopA,3,eduroam,c0:c7:0a:58:34:10,2412,1,2.4,20,-82.0,,0,73.7,WPA2/3-Enterprise,capable,di kursi ruang tunggu
2026-10-05T10:47:28,4,L4-011,,,T1,laptopA,3,سمي,ae:41:02:e7:59:bf,2437,6,2.4,20,-74.0,,,,WPA2-Personal,no,di kursi ruang tunggu
2026-10-05T10:47:28,4,L4-011,,,T1,laptopA,3,Infinix NOTE 30,96:80:d3:79:ef:7e,2447,8,2.4,20,-75.0,,,,Open,no,di kursi ruang tunggu
2026-10-05T10:47:28,4,L4-011,,,T1,laptopA,3,"3x - 16 = 20, x = ?",62:20:00:37:ba:e1,2462,11,2.4,20,-61.0,,,,WPA2/WPA3-Personal,capable,di kursi ruang tunggu
2026-10-05T10:47:28,4,L4-011,,,T1,laptopA,3,WiFi-UB.x,c0:c7:0a:58:34:d2,2462,11,2.4,20,-87.0,,6,56.5,WPA2/3-Enterprise,capable,di kursi ruang tunggu
2026-10-05T10:47:28,4,L4-011,,,T1,laptopA,3,eduroam,c0:c7:0a:58:34:d0,2462,11,2.4,20,-88.0,,2,45.1,WPA2/3-Enterprise,capable,di kursi ruang tunggu
2026-10-05T10:47:28,4,L4-011,,,T1,laptopA,3,WiFi-UB.x,c0:c7:0a:98:3a:52,5180,36,5,20,-53.0,,63,69.4,WPA2/3-Enterprise,capable,di kursi ruang tunggu
2026-10-05T10:47:28,4,L4-011,,,T1,laptopA,3,FILKOM EVENT,c0:c7:0a:98:3a:51,5180,36,5,20,-58.0,,4,69.4,WPA2-Personal,capable,di kursi ruang tunggu
2026-10-05T10:47:28,4,L4-011,,,T1,laptopA,3,FILKOM EVENT,c0:c7:0a:98:34:12,5220,44,5,20,-71.0,,3,51.0,WPA2-Personal,capable,di kursi ruang tunggu
2026-10-05T10:47:28,4,L4-011,,,T1,laptopA,3,eduroam,c0:c7:0a:98:3a:50,5180,36,5,20,-56.0,,13,69.4,WPA2/3-Enterprise,capable,di kursi ruang tunggu
2026-10-05T10:47:28,4,L4-011,,,T1,laptopA,3,FILKOM EVENT,c0:c7:0a:98:38:b2,5805,161,5,20,-79.0,,5,19.2,WPA2-Personal,capable,di kursi ruang tunggu
2026-10-05T10:47:28,4,L4-011,,,T1,laptopA,3,eduroam,c0:c7:0a:98:38:b0,5805,161,5,20,-79.0,,7,19.2,WPA2/3-Enterprise,capable,di kursi ruang tunggu
2026-10-05T10:47:28,4,L4-011,,,T1,laptopA,3,eduroam,c0:c7:0a:98:34:10,5220,44,5,20,-70.0,,12,51.0,WPA2/3-Enterprise,capable,di kursi ruang tunggu
2026-10-05T10:47:28,4,L4-011,,,T1,laptopA,3,eduroam,c0:c7:0a:98:34:d0,5765,153,5,20,-82.0,,8,41.6,WPA2/3-Enterprise,capable,di kursi ruang tunggu
2026-10-05T10:47:28,4,L4-011,,,T1,laptopA,3,FILKOM EVENT,c0:c7:0a:98:34:d2,5765,153,5,20,-81.0,,0,41.6,WPA2-Personal,capable,di kursi ruang tunggu
2026-10-06T14:14:01,4,L4-026,,,T1,laptopA,1,WiFi-UB.x,c0:c7:0a:98:38:b1,5805,161,5,20,-71.0,,47,71.8,WPA2/3-Enterprise,capable,di koridor
2026-10-06T14:14:01,4,L4-026,,,T1,laptopA,1,FILKOM EVENT,c0:c7:0a:98:38:b2,5805,161,5,20,-70.0,,2,74.5,WPA2-Personal,capable,di koridor
2026-10-06T14:14:01,4,L4-026,,,T1,laptopA,1,eduroam,c0:c7:0a:98:38:b0,5805,161,5,20,-70.0,,10,74.5,WPA2/3-Enterprise,capable,di koridor
2026-10-06T14:14:01,4,L4-026,,,T1,laptopA,1,WifiUB lagi jelek yah :0,42:7e:d9:37:a5:b4,2412,1,2.4,20,-80.0,,,,WPA2-Personal,no,di koridor
2026-10-06T14:14:01,4,L4-026,,,T1,laptopA,1,WiFi-UB.x,c0:c7:0a:58:34:11,2412,1,2.4,20,-70.0,,12,85.1,WPA2/3-Enterprise,capable,di koridor
2026-10-06T14:14:01,4,L4-026,,,T1,laptopA,1,sann?,ae:8d:b9:99:7e:8a,2437,6,2.4,20,-76.0,,,,WPA2-Personal,capable,di koridor
2026-10-06T14:14:01,4,L4-026,,,T1,laptopA,1,FILKOM EVENT,c0:c7:0a:98:34:12,5220,44,5,20,-53.0,,0,28.2,WPA2-Personal,capable,di koridor
2026-10-06T14:14:01,4,L4-026,,,T1,laptopA,1,S21 ULTRA,2a:10:f9:d1:11:db,2437,6,2.4,20,-82.0,,,,WPA2/WPA3-Personal,capable,di koridor
2026-10-06T14:14:01,4,L4-026,,,T1,laptopA,1,Brina's,fa:e5:44:d8:d0:87,2437,6,2.4,20,-90.0,,,,WPA2-Personal,no,di koridor
2026-10-06T14:14:01,4,L4-026,,,T1,laptopA,1,‎ ,8e:55:f7:77:33:04,2412,1,2.4,20,-79.0,,,,WPA2-Personal,no,di koridor
2026-10-06T14:14:01,4,L4-026,,,T1,laptopA,1,Pe Balap,d6:ac:80:cf:8d:47,5745,149,5,80,-73.0,,,,WPA2/WPA3-Personal,capable,di koridor
2026-10-06T14:14:01,4,L4-026,,,T1,laptopA,1,WiFi-UB.x,c0:c7:0a:98:3a:52,5180,36,5,20,-75.0,,24,82.7,WPA2/3-Enterprise,capable,di koridor
2026-10-06T14:14:01,4,L4-026,,,T1,laptopA,1,FILKOM EVENT,c0:c7:0a:98:3a:51,5180,36,5,20,-79.0,,1,86.3,WPA2-Personal,capable,di koridor
2026-10-06T14:14:01,4,L4-026,,,T1,laptopA,1,eduroam,00:e6:3a:10:e7:4c,5200,40,5,20,-86.0,,4,7.8,WPA2/3-Enterprise,capable,di koridor
2026-10-06T14:14:01,4,L4-026,,,T1,laptopA,1,FILKOM EVENT,c0:c7:0a:98:34:d2,5765,153,5,20,-80.0,,0,90.2,WPA2-Personal,capable,di koridor
2026-10-06T14:14:01,4,L4-026,,,T1,laptopA,1,eduroam,c0:c7:0a:98:34:10,5220,44,5,20,-52.0,,10,28.2,WPA2/3-Enterprise,capable,di koridor
2026-10-06T14:14:01,4,L4-026,,,T1,laptopA,1,eduroam,c0:c7:0a:98:3a:50,5180,36,5,20,-78.0,,6,86.3,WPA2/3-Enterprise,capable,di koridor
2026-10-06T14:14:01,4,L4-026,,,T1,laptopA,1,lubna,4a:b1:21:73:75:7f,2437,6,2.4,20,-88.0,,,,WPA2-Personal,no,di koridor
2026-10-06T14:14:01,4,L4-026,,,T1,laptopA,1,eduroam,c0:c7:0a:58:34:10,2412,1,2.4,20,-69.0,,3,85.1,WPA2/3-Enterprise,capable,di koridor
2026-10-06T14:14:01,4,L4-026,,,T1,laptopA,1,Jj,ce:b4:29:44:65:1a,2462,11,2.4,20,-67.0,,,,WPA2-Personal,no,di koridor
2026-10-06T14:14:01,4,L4-026,,,T1,laptopA,1,WiFi-UB.x,c0:c7:0a:98:34:11,5220,44,5,20,-55.0,,51,39.6,WPA2/3-Enterprise,capable,di koridor
2026-10-06T14:14:01,4,L4-026,,,T1,laptopA,1,nadip,2e:96:60:61:a1:04,2437,6,2.4,20,-78.0,,,,WPA2-Personal,no,di koridor
2026-10-06T14:14:01,4,L4-026,,,T1,laptopA,1,eduroam,00:e6:3a:11:03:4c,5240,48,5,20,-88.0,,1,21.2,WPA2/3-Enterprise,capable,di koridor
2026-10-06T14:14:01,4,L4-026,,,T1,laptopA,1,mpp,d2:7a:69:bf:24:c2,5745,149,5,80,-80.0,,,,WPA2-Personal,no,di koridor
2026-10-06T14:14:01,4,L4-026,,,T1,laptopA,1,FILKOM EVENT,c0:c7:0a:58:34:12,2412,1,2.4,20,-70.0,,0,85.1,WPA2-Personal,capable,di koridor
2026-10-06T14:14:10,4,L4-026,,,T1,laptopA,2,WiFi-UB.x,c0:c7:0a:98:38:b1,5805,161,5,20,-56.0,,47,75.3,WPA2/3-Enterprise,capable,di koridor
2026-10-06T14:14:10,4,L4-026,,,T1,laptopA,2,FILKOM EVENT,c0:c7:0a:98:38:b2,5805,161,5,20,-57.0,,2,75.3,WPA2-Personal,capable,di koridor
2026-10-06T14:14:10,4,L4-026,,,T1,laptopA,2,eduroam,c0:c7:0a:98:38:b0,5805,161,5,20,-56.0,,10,75.3,WPA2/3-Enterprise,capable,di koridor
2026-10-06T14:14:10,4,L4-026,,,T1,laptopA,2,WifiUB lagi jelek yah :0,42:7e:d9:37:a5:b4,2412,1,2.4,20,-80.0,,,,WPA2-Personal,no,di koridor
2026-10-06T14:14:10,4,L4-026,,,T1,laptopA,2,WiFi-UB.x,c0:c7:0a:58:34:11,2412,1,2.4,20,-70.0,,12,85.1,WPA2/3-Enterprise,capable,di koridor
2026-10-06T14:14:10,4,L4-026,,,T1,laptopA,2,sann?,ae:8d:b9:99:7e:8a,2437,6,2.4,20,-76.0,,,,WPA2-Personal,capable,di koridor
2026-10-06T14:14:10,4,L4-026,,,T1,laptopA,2,FILKOM EVENT,c0:c7:0a:98:34:12,5220,44,5,20,-53.0,,0,63.9,WPA2-Personal,capable,di koridor
2026-10-06T14:14:10,4,L4-026,,,T1,laptopA,2,S21 ULTRA,2a:10:f9:d1:11:db,2437,6,2.4,20,-72.0,,,,WPA2/WPA3-Personal,capable,di koridor
2026-10-06T14:14:10,4,L4-026,,,T1,laptopA,2,Brina's,fa:e5:44:d8:d0:87,2437,6,2.4,20,-90.0,,,,WPA2-Personal,no,di koridor
2026-10-06T14:14:10,4,L4-026,,,T1,laptopA,2,‎ ,8e:55:f7:77:33:04,2412,1,2.4,20,-79.0,,,,WPA2-Personal,no,di koridor
2026-10-06T14:14:10,4,L4-026,,,T1,laptopA,2,Pe Balap,d6:ac:80:cf:8d:47,5745,149,5,80,-66.0,,,,WPA2/WPA3-Personal,capable,di koridor
2026-10-06T14:14:10,4,L4-026,,,T1,laptopA,2,WiFi-UB.x,c0:c7:0a:98:3a:52,5180,36,5,20,-75.0,,24,82.7,WPA2/3-Enterprise,capable,di koridor
2026-10-06T14:14:10,4,L4-026,,,T1,laptopA,2,FILKOM EVENT,c0:c7:0a:98:3a:51,5180,36,5,20,-71.0,,1,15.7,WPA2-Personal,capable,di koridor
2026-10-06T14:14:10,4,L4-026,,,T1,laptopA,2,eduroam,00:e6:3a:10:e7:4c,5200,40,5,20,-87.0,,4,9.4,WPA2/3-Enterprise,capable,di koridor
2026-10-06T14:14:10,4,L4-026,,,T1,laptopA,2,FILKOM EVENT,c0:c7:0a:98:34:d2,5765,153,5,20,-80.0,,0,90.2,WPA2-Personal,capable,di koridor
2026-10-06T14:14:10,4,L4-026,,,T1,laptopA,2,eduroam,c0:c7:0a:98:34:10,5220,44,5,20,-52.0,,10,63.9,WPA2/3-Enterprise,capable,di koridor
2026-10-06T14:14:10,4,L4-026,,,T1,laptopA,2,eduroam,c0:c7:0a:98:3a:50,5180,36,5,20,-70.0,,7,15.7,WPA2/3-Enterprise,capable,di koridor
2026-10-06T14:14:10,4,L4-026,,,T1,laptopA,2,lubna,4a:b1:21:73:75:7f,2437,6,2.4,20,-88.0,,,,WPA2-Personal,no,di koridor
2026-10-06T14:14:10,4,L4-026,,,T1,laptopA,2,eduroam,c0:c7:0a:58:34:10,2412,1,2.4,20,-69.0,,3,85.1,WPA2/3-Enterprise,capable,di koridor
2026-10-06T14:14:10,4,L4-026,,,T1,laptopA,2,Jj,ce:b4:29:44:65:1a,2462,11,2.4,20,-67.0,,,,WPA2-Personal,no,di koridor
2026-10-06T14:14:10,4,L4-026,,,T1,laptopA,2,WiFi-UB.x,c0:c7:0a:98:34:11,5220,44,5,20,-50.0,,51,66.3,WPA2/3-Enterprise,capable,di koridor
2026-10-06T14:14:10,4,L4-026,,,T1,laptopA,2,nadip,2e:96:60:61:a1:04,2437,6,2.4,20,-78.0,,,,WPA2-Personal,no,di koridor
2026-10-06T14:14:10,4,L4-026,,,T1,laptopA,2,eduroam,00:e6:3a:11:03:4c,5240,48,5,20,-88.0,,1,21.2,WPA2/3-Enterprise,capable,di koridor
2026-10-06T14:14:10,4,L4-026,,,T1,laptopA,2,mpp,d2:7a:69:bf:24:c2,5745,149,5,80,-81.0,,,,WPA2-Personal,no,di koridor
2026-10-06T14:14:10,4,L4-026,,,T1,laptopA,2,FILKOM EVENT,c0:c7:0a:58:34:12,2412,1,2.4,20,-70.0,,0,85.1,WPA2-Personal,capable,di koridor
2026-10-06T14:14:19,4,L4-026,,,T1,laptopA,3,WiFi-UB.x,c0:c7:0a:98:38:b1,5805,161,5,20,-56.0,,47,75.3,WPA2/3-Enterprise,capable,di koridor
2026-10-06T14:14:19,4,L4-026,,,T1,laptopA,3,FILKOM EVENT,c0:c7:0a:98:38:b2,5805,161,5,20,-57.0,,2,75.3,WPA2-Personal,capable,di koridor
2026-10-06T14:14:19,4,L4-026,,,T1,laptopA,3,eduroam,c0:c7:0a:98:38:b0,5805,161,5,20,-56.0,,10,75.3,WPA2/3-Enterprise,capable,di koridor
2026-10-06T14:14:19,4,L4-026,,,T1,laptopA,3,WifiUB lagi jelek yah :0,42:7e:d9:37:a5:b4,2412,1,2.4,20,-74.0,,,,WPA2-Personal,no,di koridor
2026-10-06T14:14:19,4,L4-026,,,T1,laptopA,3,WiFi-UB.x,c0:c7:0a:58:34:11,2412,1,2.4,20,-73.0,,11,71.8,WPA2/3-Enterprise,capable,di koridor
2026-10-06T14:14:19,4,L4-026,,,T1,laptopA,3,sann?,ae:8d:b9:99:7e:8a,2437,6,2.4,20,-76.0,,,,WPA2-Personal,capable,di koridor
2026-10-06T14:14:19,4,L4-026,,,T1,laptopA,3,FILKOM EVENT,c0:c7:0a:98:34:12,5220,44,5,20,-53.0,,0,63.9,WPA2-Personal,capable,di koridor
2026-10-06T14:14:19,4,L4-026,,,T1,laptopA,3,S21 ULTRA,2a:10:f9:d1:11:db,2437,6,2.4,20,-72.0,,,,WPA2/WPA3-Personal,capable,di koridor
2026-10-06T14:14:19,4,L4-026,,,T1,laptopA,3,Brina's,fa:e5:44:d8:d0:87,2437,6,2.4,20,-90.0,,,,WPA2-Personal,no,di koridor
2026-10-06T14:14:19,4,L4-026,,,T1,laptopA,3,Pe Balap,d6:ac:80:cf:8d:47,5745,149,5,80,-77.0,,,,WPA2/WPA3-Personal,capable,di koridor
2026-10-06T14:14:19,4,L4-026,,,T1,laptopA,3,WiFi-UB.x,c0:c7:0a:98:3a:52,5180,36,5,20,-75.0,,24,82.7,WPA2/3-Enterprise,capable,di koridor
2026-10-06T14:14:19,4,L4-026,,,T1,laptopA,3,FILKOM EVENT,c0:c7:0a:98:3a:51,5180,36,5,20,-78.0,,1,42.7,WPA2-Personal,capable,di koridor
2026-10-06T14:14:19,4,L4-026,,,T1,laptopA,3,eduroam,00:e6:3a:10:e7:4c,5200,40,5,20,-85.0,,3,45.1,WPA2/3-Enterprise,capable,di koridor
2026-10-06T14:14:19,4,L4-026,,,T1,laptopA,3,FILKOM EVENT,c0:c7:0a:98:34:d2,5765,153,5,20,-80.0,,0,90.2,WPA2-Personal,capable,di koridor
2026-10-06T14:14:19,4,L4-026,,,T1,laptopA,3,eduroam,c0:c7:0a:98:34:10,5220,44,5,20,-52.0,,10,63.9,WPA2/3-Enterprise,capable,di koridor
2026-10-06T14:14:19,4,L4-026,,,T1,laptopA,3,eduroam,c0:c7:0a:98:3a:50,5180,36,5,20,-77.0,,7,42.7,WPA2/3-Enterprise,capable,di koridor
2026-10-06T14:14:19,4,L4-026,,,T1,laptopA,3,lubna,4a:b1:21:73:75:7f,2437,6,2.4,20,-88.0,,,,WPA2-Personal,no,di koridor
2026-10-06T14:14:19,4,L4-026,,,T1,laptopA,3,eduroam,c0:c7:0a:58:34:10,2412,1,2.4,20,-71.0,,4,71.8,WPA2/3-Enterprise,capable,di koridor
2026-10-06T14:14:19,4,L4-026,,,T1,laptopA,3,Jj,ce:b4:29:44:65:1a,2462,11,2.4,20,-67.0,,,,WPA2-Personal,no,di koridor
2026-10-06T14:14:19,4,L4-026,,,T1,laptopA,3,WiFi-UB.x,c0:c7:0a:98:34:11,5220,44,5,20,-52.0,,49,61.2,WPA2/3-Enterprise,capable,di koridor
2026-10-06T14:14:19,4,L4-026,,,T1,laptopA,3,nadip,2e:96:60:61:a1:04,2437,6,2.4,20,-78.0,,,,WPA2-Personal,no,di koridor
2026-10-06T14:14:19,4,L4-026,,,T1,laptopA,3,eduroam,00:e6:3a:11:03:4c,5240,48,5,20,-88.0,,1,21.2,WPA2/3-Enterprise,capable,di koridor
2026-10-06T14:14:19,4,L4-026,,,T1,laptopA,3,mpp,d2:7a:69:bf:24:c2,5745,149,5,80,-70.0,,,,WPA2-Personal,no,di koridor
2026-10-06T14:14:19,4,L4-026,,,T1,laptopA,3,FILKOM EVENT,c0:c7:0a:58:34:12,2412,1,2.4,20,-73.0,,0,71.8,WPA2-Personal,capable,di koridor
2026-10-06T14:15:50,4,L4-013,,,T1,laptopA,1,WiFi-UB.x,c0:c7:0a:98:34:d1,5765,153,5,20,-62.0,,29,84.3,WPA2/3-Enterprise,capable,"di dlm kelas, ramai"
2026-10-06T14:15:50,4,L4-013,,,T1,laptopA,1,eduroam,00:e6:3a:10:e7:c8,2462,11,2.4,20,-84.0,,0,63.5,WPA2/3-Enterprise,capable,"di dlm kelas, ramai"
2026-10-06T14:15:50,4,L4-013,,,T1,laptopA,1,eduroam,c0:c7:0a:58:34:d0,2462,11,2.4,20,-67.0,,4,72.9,WPA2/3-Enterprise,capable,"di dlm kelas, ramai"
2026-10-06T14:15:50,4,L4-013,,,T1,laptopA,1,eduroam,c0:c7:0a:98:34:d0,5765,153,5,20,-62.0,,17,84.3,WPA2/3-Enterprise,capable,"di dlm kelas, ramai"
2026-10-06T14:15:50,4,L4-013,,,T1,laptopA,1,WiFi-UB.x,c0:c7:0a:98:38:b1,5805,161,5,20,-56.0,,47,75.3,WPA2/3-Enterprise,capable,"di dlm kelas, ramai"
2026-10-06T14:15:50,4,L4-013,,,T1,laptopA,1,FILKOM EVENT,c0:c7:0a:98:38:b2,5805,161,5,20,-57.0,,2,75.3,WPA2-Personal,capable,"di dlm kelas, ramai"
2026-10-06T14:15:50,4,L4-013,,,T1,laptopA,1,eduroam,c0:c7:0a:98:38:b0,5805,161,5,20,-54.0,,10,75.3,WPA2/3-Enterprise,capable,"di dlm kelas, ramai"
2026-10-06T14:15:50,4,L4-013,,,T1,laptopA,1,WifiUB lagi jelek yah :0,42:7e:d9:37:a5:b4,2412,1,2.4,20,-77.0,,,,WPA2-Personal,no,"di dlm kelas, ramai"
2026-10-06T14:15:50,4,L4-013,,,T1,laptopA,1,WiFi-UB.x,c0:c7:0a:58:34:11,2412,1,2.4,20,-73.0,,11,71.8,WPA2/3-Enterprise,capable,"di dlm kelas, ramai"
2026-10-06T14:15:50,4,L4-013,,,T1,laptopA,1,sann?,ae:8d:b9:99:7e:8a,2437,6,2.4,20,-75.0,,,,WPA2-Personal,capable,"di dlm kelas, ramai"
2026-10-06T14:15:50,4,L4-013,,,T1,laptopA,1,FILKOM EVENT,c0:c7:0a:98:34:12,5220,44,5,20,-78.0,,0,33.7,WPA2-Personal,capable,"di dlm kelas, ramai"
2026-10-06T14:15:50,4,L4-013,,,T1,laptopA,1,S21 ULTRA,2a:10:f9:d1:11:db,2437,6,2.4,20,-56.0,,,,WPA2/WPA3-Personal,capable,"di dlm kelas, ramai"
2026-10-06T14:15:50,4,L4-013,,,T1,laptopA,1,Brina's,fa:e5:44:d8:d0:87,2437,6,2.4,20,-90.0,,,,WPA2-Personal,no,"di dlm kelas, ramai"
2026-10-06T14:15:50,4,L4-013,,,T1,laptopA,1,‎ ,8e:55:f7:77:33:04,2412,1,2.4,20,-79.0,,,,WPA2-Personal,no,"di dlm kelas, ramai"
2026-10-06T14:15:50,4,L4-013,,,T1,laptopA,1,Pe Balap,d6:ac:80:cf:8d:47,5745,149,5,80,-77.0,,,,WPA2/WPA3-Personal,capable,"di dlm kelas, ramai"
2026-10-06T14:15:50,4,L4-013,,,T1,laptopA,1,WiFi-UB.x,c0:c7:0a:98:3a:52,5180,36,5,20,-43.0,,35,23.5,WPA2/3-Enterprise,capable,"di dlm kelas, ramai"
2026-10-06T14:15:50,4,L4-013,,,T1,laptopA,1,FILKOM EVENT,c0:c7:0a:98:3a:51,5180,36,5,20,-47.0,,1,23.5,WPA2-Personal,capable,"di dlm kelas, ramai"
2026-10-06T14:15:50,4,L4-013,,,T1,laptopA,1,WiFi-UB.x,c0:c7:0a:58:34:d2,2462,11,2.4,20,-67.0,,5,72.9,WPA2/3-Enterprise,capable,"di dlm kelas, ramai"
2026-10-06T14:15:50,4,L4-013,,,T1,laptopA,1,eduroam,00:e6:3a:10:e7:4c,5200,40,5,20,-83.0,,3,45.1,WPA2/3-Enterprise,capable,"di dlm kelas, ramai"
2026-10-06T14:15:50,4,L4-013,,,T1,laptopA,1,FILKOM EVENT,c0:c7:0a:98:34:d2,5765,153,5,20,-62.0,,0,84.3,WPA2-Personal,capable,"di dlm kelas, ramai"
2026-10-06T14:15:50,4,L4-013,,,T1,laptopA,1,eduroam,c0:c7:0a:98:34:10,5220,44,5,20,-77.0,,7,33.7,WPA2/3-Enterprise,capable,"di dlm kelas, ramai"
2026-10-06T14:15:50,4,L4-013,,,T1,laptopA,1,eduroam,c0:c7:0a:98:3a:50,5180,36,5,20,-46.0,,9,23.5,WPA2/3-Enterprise,capable,"di dlm kelas, ramai"
2026-10-06T14:15:50,4,L4-013,,,T1,laptopA,1,lubna,4a:b1:21:73:75:7f,2437,6,2.4,20,-88.0,,,,WPA2-Personal,no,"di dlm kelas, ramai"
2026-10-06T14:15:50,4,L4-013,,,T1,laptopA,1,eduroam,c0:c7:0a:58:34:10,2412,1,2.4,20,-71.0,,4,71.8,WPA2/3-Enterprise,capable,"di dlm kelas, ramai"
2026-10-06T14:15:50,4,L4-013,,,T1,laptopA,1,WiFi-UB.x,c0:c7:0a:98:34:11,5220,44,5,20,-77.0,,46,33.7,WPA2/3-Enterprise,capable,"di dlm kelas, ramai"
2026-10-06T14:15:50,4,L4-013,,,T1,laptopA,1,FILKOM EVENT,c0:c7:0a:58:34:d1,2462,11,2.4,20,-68.0,,0,72.9,WPA2-Personal,capable,"di dlm kelas, ramai"
2026-10-06T14:15:50,4,L4-013,,,T1,laptopA,1,mpp,d2:7a:69:bf:24:c2,5745,149,5,80,-85.0,,,,WPA2-Personal,no,"di dlm kelas, ramai"
2026-10-06T14:15:50,4,L4-013,,,T1,laptopA,1,FILKOM EVENT,c0:c7:0a:58:34:12,2412,1,2.4,20,-73.0,,0,71.8,WPA2-Personal,capable,"di dlm kelas, ramai"
2026-10-06T14:15:59,4,L4-013,,,T1,laptopA,2,zania,ba:62:94:07:5e:fe,2437,6,2.4,20,-78.0,,,,WPA2/WPA3-Personal,capable,"di dlm kelas, ramai"
2026-10-06T14:15:59,4,L4-013,,,T1,laptopA,2,WiFi-UB.x,c0:c7:0a:98:34:d1,5765,153,5,20,-62.0,,29,84.3,WPA2/3-Enterprise,capable,"di dlm kelas, ramai"
2026-10-06T14:15:59,4,L4-013,,,T1,laptopA,2,eduroam,00:e6:3a:10:e7:c8,2462,11,2.4,20,-84.0,,0,63.5,WPA2/3-Enterprise,capable,"di dlm kelas, ramai"
2026-10-06T14:15:59,4,L4-013,,,T1,laptopA,2,eduroam,c0:c7:0a:58:34:d0,2462,11,2.4,20,-71.0,,4,89.0,WPA2/3-Enterprise,capable,"di dlm kelas, ramai"
2026-10-06T14:15:59,4,L4-013,,,T1,laptopA,2,eduroam,c0:c7:0a:98:34:d0,5765,153,5,20,-62.0,,17,84.3,WPA2/3-Enterprise,capable,"di dlm kelas, ramai"
2026-10-06T14:15:59,4,L4-013,,,T1,laptopA,2,WiFi-UB.x,c0:c7:0a:98:38:b1,5805,161,5,20,-56.0,,47,75.3,WPA2/3-Enterprise,capable,"di dlm kelas, ramai"
2026-10-06T14:15:59,4,L4-013,,,T1,laptopA,2,FILKOM EVENT,c0:c7:0a:98:38:b2,5805,161,5,20,-57.0,,2,75.3,WPA2-Personal,capable,"di dlm kelas, ramai"
2026-10-06T14:15:59,4,L4-013,,,T1,laptopA,2,eduroam,c0:c7:0a:98:38:b0,5805,161,5,20,-54.0,,10,75.3,WPA2/3-Enterprise,capable,"di dlm kelas, ramai"
2026-10-06T14:15:59,4,L4-013,,,T1,laptopA,2,WifiUB lagi jelek yah :0,42:7e:d9:37:a5:b4,2412,1,2.4,20,-83.0,,,,WPA2-Personal,no,"di dlm kelas, ramai"
2026-10-06T14:15:59,4,L4-013,,,T1,laptopA,2,WiFi-UB.x,c0:c7:0a:58:34:11,2412,1,2.4,20,-73.0,,11,71.8,WPA2/3-Enterprise,capable,"di dlm kelas, ramai"
2026-10-06T14:15:59,4,L4-013,,,T1,laptopA,2,sann?,ae:8d:b9:99:7e:8a,2437,6,2.4,20,-68.0,,,,WPA2-Personal,capable,"di dlm kelas, ramai"
2026-10-06T14:15:59,4,L4-013,,,T1,laptopA,2,FILKOM EVENT,c0:c7:0a:98:34:12,5220,44,5,20,-72.0,,0,50.6,WPA2-Personal,capable,"di dlm kelas, ramai"
2026-10-06T14:15:59,4,L4-013,,,T1,laptopA,2,S21 ULTRA,2a:10:f9:d1:11:db,2437,6,2.4,20,-58.0,,,,WPA2/WPA3-Personal,capable,"di dlm kelas, ramai"
2026-10-06T14:15:59,4,L4-013,,,T1,laptopA,2,Pe Balap,d6:ac:80:cf:8d:47,5745,149,5,80,-79.0,,,,WPA2/WPA3-Personal,capable,"di dlm kelas, ramai"
2026-10-06T14:15:59,4,L4-013,,,T1,laptopA,2,WiFi-UB.x,c0:c7:0a:98:3a:52,5180,36,5,20,-40.0,,35,11.4,WPA2/3-Enterprise,capable,"di dlm kelas, ramai"
2026-10-06T14:15:59,4,L4-013,,,T1,laptopA,2,FILKOM EVENT,c0:c7:0a:98:3a:51,5180,36,5,20,-39.0,,1,11.0,WPA2-Personal,capable,"di dlm kelas, ramai"
2026-10-06T14:15:59,4,L4-013,,,T1,laptopA,2,WiFi-UB.x,c0:c7:0a:58:34:d2,2462,11,2.4,20,-70.0,,5,89.0,WPA2/3-Enterprise,capable,"di dlm kelas, ramai"
2026-10-06T14:15:59,4,L4-013,,,T1,laptopA,2,eduroam,00:e6:3a:10:e7:4c,5200,40,5,20,-83.0,,3,45.1,WPA2/3-Enterprise,capable,"di dlm kelas, ramai"
2026-10-06T14:15:59,4,L4-013,,,T1,laptopA,2,FILKOM EVENT,c0:c7:0a:98:34:d2,5765,153,5,20,-62.0,,0,84.3,WPA2-Personal,capable,"di dlm kelas, ramai"
2026-10-06T14:15:59,4,L4-013,,,T1,laptopA,2,eduroam,c0:c7:0a:98:34:10,5220,44,5,20,-71.0,,7,50.6,WPA2/3-Enterprise,capable,"di dlm kelas, ramai"
2026-10-06T14:15:59,4,L4-013,,,T1,laptopA,2,eduroam,c0:c7:0a:98:3a:50,5180,36,5,20,-37.0,,9,11.0,WPA2/3-Enterprise,capable,"di dlm kelas, ramai"
2026-10-06T14:15:59,4,L4-013,,,T1,laptopA,2,eduroam,c0:c7:0a:58:34:10,2412,1,2.4,20,-71.0,,4,71.8,WPA2/3-Enterprise,capable,"di dlm kelas, ramai"
2026-10-06T14:15:59,4,L4-013,,,T1,laptopA,2,WiFi-UB.x,c0:c7:0a:98:34:11,5220,44,5,20,-70.0,,47,50.6,WPA2/3-Enterprise,capable,"di dlm kelas, ramai"
2026-10-06T14:15:59,4,L4-013,,,T1,laptopA,2,FILKOM EVENT,c0:c7:0a:58:34:d1,2462,11,2.4,20,-71.0,,0,89.0,WPA2-Personal,capable,"di dlm kelas, ramai"
2026-10-06T14:15:59,4,L4-013,,,T1,laptopA,2,mpp,d2:7a:69:bf:24:c2,5745,149,5,80,-85.0,,,,WPA2-Personal,no,"di dlm kelas, ramai"
2026-10-06T14:15:59,4,L4-013,,,T1,laptopA,2,FILKOM EVENT,c0:c7:0a:58:34:12,2412,1,2.4,20,-73.0,,0,71.8,WPA2-Personal,capable,"di dlm kelas, ramai"
2026-10-06T14:16:08,4,L4-013,,,T1,laptopA,3,zania,ba:62:94:07:5e:fe,2437,6,2.4,20,-78.0,,,,WPA2/WPA3-Personal,capable,"di dlm kelas, ramai"
2026-10-06T14:16:08,4,L4-013,,,T1,laptopA,3,WiFi-UB.x,c0:c7:0a:98:34:d1,5765,153,5,20,-58.0,,30,89.4,WPA2/3-Enterprise,capable,"di dlm kelas, ramai"
2026-10-06T14:16:08,4,L4-013,,,T1,laptopA,3,lof 🙌🏻,2e:7a:30:5b:74:ce,2472,13,2.4,20,-81.0,,,,WPA2-Personal,no,"di dlm kelas, ramai"
2026-10-06T14:16:08,4,L4-013,,,T1,laptopA,3,eduroam,00:e6:3a:10:e7:c8,2462,11,2.4,20,-84.0,,0,63.5,WPA2/3-Enterprise,capable,"di dlm kelas, ramai"
2026-10-06T14:16:08,4,L4-013,,,T1,laptopA,3,eduroam,c0:c7:0a:58:34:d0,2462,11,2.4,20,-64.0,,4,87.1,WPA2/3-Enterprise,capable,"di dlm kelas, ramai"
2026-10-06T14:16:08,4,L4-013,,,T1,laptopA,3,eduroam,c0:c7:0a:98:34:d0,5765,153,5,20,-58.0,,17,89.4,WPA2/3-Enterprise,capable,"di dlm kelas, ramai"
2026-10-06T14:16:08,4,L4-013,,,T1,laptopA,3,WifiUB lagi jelek yah :0,42:7e:d9:37:a5:b4,2412,1,2.4,20,-83.0,,,,WPA2-Personal,no,"di dlm kelas, ramai"
2026-10-06T14:16:08,4,L4-013,,,T1,laptopA,3,WiFi-UB.x,c0:c7:0a:58:34:11,2412,1,2.4,20,-73.0,,11,71.8,WPA2/3-Enterprise,capable,"di dlm kelas, ramai"
2026-10-06T14:16:08,4,L4-013,,,T1,laptopA,3,sann?,ae:8d:b9:99:7e:8a,2437,6,2.4,20,-68.0,,,,WPA2-Personal,capable,"di dlm kelas, ramai"
2026-10-06T14:16:08,4,L4-013,,,T1,laptopA,3,FILKOM EVENT,c0:c7:0a:98:34:12,5220,44,5,20,-72.0,,0,67.8,WPA2-Personal,capable,"di dlm kelas, ramai"
2026-10-06T14:16:08,4,L4-013,,,T1,laptopA,3,S21 ULTRA,2a:10:f9:d1:11:db,2437,6,2.4,20,-52.0,,,,WPA2/WPA3-Personal,capable,"di dlm kelas, ramai"
2026-10-06T14:16:08,4,L4-013,,,T1,laptopA,3,Pe Balap,d6:ac:80:cf:8d:47,5745,149,5,80,-77.0,,,,WPA2/WPA3-Personal,capable,"di dlm kelas, ramai"
2026-10-06T14:16:08,4,L4-013,,,T1,laptopA,3,WiFi-UB.x,c0:c7:0a:98:3a:52,5180,36,5,20,-44.0,,36,16.5,WPA2/3-Enterprise,capable,"di dlm kelas, ramai"
2026-10-06T14:16:08,4,L4-013,,,T1,laptopA,3,FILKOM EVENT,c0:c7:0a:98:3a:51,5180,36,5,20,-44.0,,1,16.5,WPA2-Personal,capable,"di dlm kelas, ramai"
2026-10-06T14:16:08,4,L4-013,,,T1,laptopA,3,WiFi-UB.x,c0:c7:0a:58:34:d2,2462,11,2.4,20,-63.0,,5,87.1,WPA2/3-Enterprise,capable,"di dlm kelas, ramai"
2026-10-06T14:16:08,4,L4-013,,,T1,laptopA,3,eduroam,00:e6:3a:10:e7:4c,5200,40,5,20,-83.0,,3,45.1,WPA2/3-Enterprise,capable,"di dlm kelas, ramai"
2026-10-06T14:16:08,4,L4-013,,,T1,laptopA,3,FILKOM EVENT,c0:c7:0a:98:34:d2,5765,153,5,20,-59.0,,0,89.4,WPA2-Personal,capable,"di dlm kelas, ramai"
2026-10-06T14:16:08,4,L4-013,,,T1,laptopA,3,eduroam,c0:c7:0a:98:34:10,5220,44,5,20,-71.0,,7,67.8,WPA2/3-Enterprise,capable,"di dlm kelas, ramai"
2026-10-06T14:16:08,4,L4-013,,,T1,laptopA,3,eduroam,c0:c7:0a:98:3a:50,5180,36,5,20,-43.0,,9,16.5,WPA2/3-Enterprise,capable,"di dlm kelas, ramai"
2026-10-06T14:16:08,4,L4-013,,,T1,laptopA,3,eduroam,c0:c7:0a:58:34:10,2412,1,2.4,20,-71.0,,4,71.8,WPA2/3-Enterprise,capable,"di dlm kelas, ramai"
2026-10-06T14:16:08,4,L4-013,,,T1,laptopA,3,WiFi-UB.x,c0:c7:0a:98:34:11,5220,44,5,20,-71.0,,48,67.8,WPA2/3-Enterprise,capable,"di dlm kelas, ramai"
2026-10-06T14:16:08,4,L4-013,,,T1,laptopA,3,FILKOM EVENT,c0:c7:0a:58:34:d1,2462,11,2.4,20,-64.0,,0,87.1,WPA2-Personal,capable,"di dlm kelas, ramai"
2026-10-06T14:16:08,4,L4-013,,,T1,laptopA,3,mpp,d2:7a:69:bf:24:c2,5745,149,5,80,-85.0,,,,WPA2-Personal,no,"di dlm kelas, ramai"
2026-10-06T14:16:08,4,L4-013,,,T1,laptopA,3,FILKOM EVENT,c0:c7:0a:58:34:12,2412,1,2.4,20,-73.0,,0,71.8,WPA2-Personal,capable,"di dlm kelas, ramai"
